circID,Beta,StdErr,Pval,BH_adjPval
circ10021,5.399244999244294e-4,0.0042547922651853445,0.8993280742560202,0.9827708852694653
circ10022,5.399244999244294e-4,0.0042547922651853445,0.8993280742560202,0.9827708852694653
circ10052,0.024148155152870502,0.017288962617707477,0.16621594564317854,0.7513038554751993
circ10149,7.388253561594914e-5,0.007725207181989703,0.992392237730098,1
circ10162,0.010538445456568133,0.007295955898573729,0.15238458710728803,0.7409525795125014
circ1026,0.014728323546303813,0.00762965474361028,0.056971652303122,0.6578079735136376
circ10321,0.011737523463006041,0.00646713867367628,0.07314413791220806,0.7045474145497497
circ10323,-0.016558267100312343,0.013392872186736644,0.21981605293304435,0.7716480053363823
circ10360,0.003324306891907691,0.005776445518989909,0.5665145749354703,0.909856741563028
circ10362,0.011589483319615587,0.009044237697921608,0.20361398730841104,0.7716480053363823
circ1045,0.009061110584814215,0.023084358133620222,0.6956790268034763,0.9366755687768398
circ1048,0.013814906640470383,0.021740658224417078,0.5268888915879424,0.8906877237700902
circ10504,0.039659743956808186,0.01694679425171583,0.021671453004438266,0.6202204212480197
circ10529,-0.012009462686497,0.013151267889255854,0.3637933607132824,0.8452411764392322
circ1057,0.02029417328178242,0.010906053370918798,0.0663109289450504,0.686528638116453
circ10646,-2.2775412255248302e-4,0.004360305271374666,0.9584681283093939,0.9960551137332917
circ10662,-0.0010973049050483565,0.004559161674053136,0.8103956536153407,0.9647003984984427
circ10674,0.0015797518045238977,0.0036804008109397523,0.6688653445749321,0.9366755687768398
circ10701,0.0029328477063628655,0.005843852766191927,0.6170885116946829,0.9286118080942806
circ10729,-0.006834906329841032,0.014676755933876604,0.6426528513117871,0.9366755687768398
circ10779,0.0022106585131404276,0.009313571011837204,0.8129633146400215,0.9647003984984427
circ10833,0.010044125379083073,0.006505821627725526,0.1264248574597577,0.7117141091694561
circ10848,0.008112751134875484,0.004366311122858407,0.06670985823207043,0.686528638116453
circ10921,-0.016288911477935982,0.010821870112988317,0.1360728369862829,0.7211860360272992
circ10931,0.0046806554278347795,0.006626667326693099,0.4819571401109102,0.8840822159864296
circ10934,0.010215190577124687,0.007030223000756048,0.14998324322290194,0.7409525795125014
circ11040,0.003572127114836902,0.005641395616452697,0.5283444506221265,0.8906877237700902
circ11043,0.0031952508073562077,0.003955346077170461,0.42149714150498807,0.870018248671684
circ11111,7.196264832366208e-4,0.0023364341114772294,0.7588523957112064,0.9547326019048328
circ1112,0.012111925773311402,0.020320756382555236,0.5527724314406333,0.9051679003536066
circ11125,0.004535950049709005,0.004998432502478958,0.3667831562668934,0.8452411764392322
circ11152,0.007744083739958984,0.00949516238474163,0.41707357519668553,0.8668588033499739
circ11178,0.001983501486753214,0.0015430451108113389,0.20221154577690426,0.7716480053363823
circ11207,-0.00355178018153271,0.007965325392933398,0.6568267460963497,0.9366755687768398
circ11225,0.0021345387717994274,0.005259744023828876,0.6859150650221503,0.9366755687768398
circ11233,-0.009393479561085277,0.009978298536567261,0.34923647617542386,0.8452411764392322
circ11254,0.009325977060766542,0.009428035384419066,0.32545246295553454,0.8452411764392322
circ1131,0.0021738278407650597,0.0019414856681729744,0.26608308647257456,0.824369180271871
circ11311,0.037976561285113626,0.03772882109608656,0.31706871308208256,0.844628293467569
circ11314,0.006633292870328446,0.004476136372565693,0.14214736753693652,0.7280916427449688
circ11323,-0.003327595295365557,0.010376095577242611,0.749245153740204,0.9491095653442142
circ11368,-3.05944972440293e-4,0.002085890289768172,0.8837453562101824,0.9824580042178235
circ11405,0.009010286605714159,0.008439330276987567,0.2887720498927263,0.8280663533800986
circ11454,-0.013893080316136284,0.011024241054253566,0.2111180104289471,0.7716480053363823
circ11489,0.003503407987820789,0.011467466605272208,0.7607438216649723,0.9547326019048328
circ11497,-0.010761045658987228,0.005633566147430828,0.05956554288006763,0.6691017388826965
circ11536,0.013190363272451646,0.021369404846747177,0.5387565165320927,0.8983591256270167
circ11543,0.018110953264654638,0.019419289109001515,0.3537176752120238,0.8452411764392322
circ11553,4.3971045033393264e-4,0.0033639819322184537,0.8963199868685199,0.9827708852694653
circ11555,0.0021997195051283096,0.001553350583569025,0.16048444592039454,0.7513038554751993
circ1162,0.022648787102667794,0.008952129906385511,0.013296505650688382,0.614730990819712
circ11624,-0.004717511538507868,0.01735532142265918,0.7864359410463153,0.9647003984984427
circ11656,-0.003905621245040997,0.0037399971923225326,0.2993857234770089,0.8384640860257122
circ11676,0.005507103322349849,0.00306694323111082,0.07619230808728877,0.7072466997003033
circ11723,-0.0030641544129507317,0.00299337456388352,0.30897700865008804,0.8428014471964042
circ11733,-0.001069310173937827,6.92450815183212e-4,0.12633463916907864,0.7117141091694561
circ11735,0.001071633789636933,0.0010446003882213402,0.30792911299001885,0.8428014471964042
circ11762,0.00337203050876387,0.006044666459733104,0.5784468971243586,0.9164234645363916
circ1177,0.01768047497268101,0.010961174521280943,0.11053849544152677,0.7072466997003033
circ11776,0.0018111629539161334,0.0013426276709254178,0.1810157850861967,0.7716480053363823
circ11794,1.5071851610673256e-4,0.001436334484095307,0.9166823457588081,0.990207210840241
circ11812,-0.10002578018237437,0.05139791227384589,0.055025874240515214,0.6578079735136376
circ11818,0.0027342773726661287,0.0034848197467549817,0.43490709971231567,0.8714584606711807
circ1182,0.008920320012003389,0.008914425521746826,0.3198990455198448,0.844628293467569
circ11850,4.851222579409204e-6,0.006750207347052213,0.999428302850186,1
circ11856,0.012953129783283428,0.00869632863983566,0.14014753785425527,0.7246653176854175
circ11857,0.0037365937195459457,0.009475915938988905,0.6943522246963345,0.9366755687768398
circ11895,0.006911325139919099,0.00728628093589001,0.3456085426476053,0.8452411764392322
circ11906,0.026593083863244976,0.015412057223614304,0.08816376439600787,0.7072466997003033
circ11918,0,Inf,1,1
circ11919,0,Inf,1,1
circ11938,0.00123785692827046,0.003388203116483053,0.7157846249024822,0.9425238539088585
circ11947,-0.004628428609054569,0.004774082637417683,0.335117145970823,0.8452411764392322
circ11965,0.004547791322031014,0.005950263365192953,0.4468554279778395,0.8734218653405886
circ12001,0.020309769744479872,0.01121543399303853,0.07377807831605869,0.7045474145497497
circ12036,0.03324224328053891,0.024772865582287872,0.18329404089531975,0.7716480053363823
circ1205,0.0029750896258599266,0.0023454377393571355,0.2081806034693659,0.7716480053363823
circ12095,-0.022298289911082996,0.014522714041042866,0.12848704740115643,0.7117141091694561
circ12096,0.005389880465820542,0.005203638089602006,0.3033081357328357,0.8394428821848717
circ12099,0.006283522106801872,0.013667442898617072,0.6469021301453455,0.9366755687768398
circ1211,0.039787847498711795,0.015835063183443368,0.013918437527993481,0.614730990819712
circ12111,-0.0017115198579706827,0.006332898022441614,0.7876322151513665,0.9647003984984427
circ12132,0.0058744322648548895,0.007069282136794271,0.4083690279356762,0.8602206496437207
circ12146,0.005962334000128593,0.007515059488837381,0.4298159296295936,0.870018248671684
circ12152,-0.004443412641303534,0.008135322141461827,0.5864021260786829,0.9164234645363916
circ12170,-0.004722668669689176,0.018511883919113917,0.7992649797855979,0.9647003984984427
circ12192,-0.007254654727387478,0.0187538089303913,0.699867408191807,0.9366755687768398
circ12194,-0.01095076660856076,0.01672794323661649,0.5145101501380516,0.8906877237700902
circ12207,0.05127315701365722,0.024290780207392317,0.03779814226400037,0.6363029290535749
circ12208,0.016243467128850775,0.017235666727222845,0.3487059059078138,0.8452411764392322
circ12265,0.008028538301716282,0.0072409350368103425,0.270731471856289,0.824369180271871
circ12284,-0.00754033376090518,0.007066506476089169,0.2890420290100344,0.8280663533800986
circ12297,0.011116563823076261,0.004991935357807899,0.02866173897934029,0.6363029290535749
circ1231,0.0048605655720342445,0.004658633091697882,0.2998175025986417,0.8384640860257122
circ12319,2.42626134645646e-4,0.006007426131911238,0.9678810277022475,0.9984377862131624
circ12339,0.002839927017780677,0.0018659941618570353,0.1318255534230491,0.7117141091694561
circ12348,0.003249224052281952,0.00176713355506293,0.06953628283139765,0.6953628283139766
circ12368,0.00682907155826076,0.01246967103752025,0.5853989060280471,0.9164234645363916
circ12370,0.0057308487432171625,0.018013307819003548,0.7511738480755555,0.9501721705967648
circ12371,0.0714852194446335,0.03485961908278183,0.04345511694364518,0.6363029290535749
circ12372,0.00889634048386606,0.035136748007304694,0.8007459809218492,0.9647003984984427
circ12508,3.8004169315083113e-4,0.042313474158431626,0.9928553883479758,1
circ12514,0.03645917398581112,0.028820591842052816,0.20939753661331556,0.7716480053363823
circ12572,0.02747024297639156,0.03771081323707737,0.46839168165523937,0.8840822159864296
circ12574,-0.014118463473148867,0.034875294986964074,0.6866460759798433,0.9366755687768398
circ12575,0.005841263411230945,0.012620507113092405,0.644690955529532,0.9366755687768398
circ12585,0.0036097799627310403,0.0038856008399766524,0.3555754948305051,0.8452411764392322
circ12604,0.004528668942422752,0.010042157180594927,0.6531902113981669,0.9366755687768398
circ12610,0.010134982542724156,0.01283943784809392,0.4321488095529954,0.870018248671684
circ12620,-9.669388653789527e-4,0.007010289038483462,0.8906287234415363,0.9824580042178235
circ1263,0.008195131188732366,0.0066323368287092175,0.2200810766440842,0.7716480053363823
circ12699,0,Inf,1,1
circ12706,0.023529057162956682,0.0178960484110994,0.1922109235657051,0.7716480053363823
circ12708,0.007240366660297075,0.005508767719363428,0.19235409054908756,0.7716480053363823
circ12709,0.004558971886490725,0.01441769298710894,0.7526394207028875,0.9508912824136599
circ12805,0.0017998010828575428,0.0017739855513573188,0.31326770773149365,0.8428014471964042
circ12815,0.0034531498876057007,0.0020155385826641204,0.0903969979169357,0.7072466997003033
circ12826,0.006032133123357408,0.003493704603573147,0.0879648877053331,0.7072466997003033
circ12827,0.0309465245086181,0.014372534275842322,0.03420711745928168,0.6363029290535749
circ12861,0.05358185918291996,0.027778018147127624,0.057157372407561705,0.6578079735136376
circ1288,0.029960408274896124,0.015063811477516289,0.050006776159882325,0.6464290576765277
circ12895,0.008139574863449914,0.0051088780237633245,0.1149118551213407,0.7072466997003033
circ12921,4.1706676150797084e-4,0.005942246476519741,0.944213879951673,0.9924127811991401
circ12932,0.004791366627432194,0.00327467932106922,0.1472014406877838,0.7409525795125014
circ12987,0.025669851377548326,0.012593463651888244,0.0446989515639092,0.6363029290535749
circ12998,0.02334101405478096,0.016146039774726378,0.15204959694223166,0.7409525795125014
circ13002,-0.0016992847766713023,0.021972499555570353,0.9385416733879202,0.9924127811991401
circ13010,0.003619457499273809,0.004226054823430093,0.3942079775277231,0.8556040464547053
circ13018,0.15323615231103951,0.1169688960151164,0.19379007499556694,0.7716480053363823
circ13024,-0.0020811145339720612,0.0028818784964154036,0.47223920167760247,0.8840822159864296
circ13085,-0.006064240736641288,0.013195894466593791,0.6470370275144147,0.9366755687768398
circ13099,0,Inf,1,1
circ13131,0.0026764966376447985,0.003338772370049797,0.42504979818922384,0.870018248671684
circ13154,-4.012546361498008e-4,0.0010360801829804628,0.6995391542550519,0.9366755687768398
circ13162,9.183540902725441e-4,0.001215680421903729,0.4521331079690629,0.8734218653405886
circ13184,0.0030398236002198995,0.0036145736830831272,0.4027693863907422,0.8602206496437207
circ13198,0.0029553005450999948,0.003306774300414727,0.374060667247352,0.8452411764392322
circ13202,0.008322915310519062,0.0033077151394674464,0.013788319336349752,0.614730990819712
circ13241,-0.01275473911878144,0.011687799732868818,0.27830459032133886,0.8263385594975328
circ13278,0.0026539079376191404,0.007527295874564358,0.725303647797358,0.9444986076968053
circ13281,4.1578912272028257e-4,0.005858234681266674,0.9435882659196627,0.9924127811991401
circ13283,0.02826453986272221,0.014063683489654723,0.04770595888819157,0.6464290576765277
circ13288,0.0384441051718629,0.02253810499927086,0.09179661190577168,0.7072466997003033
circ13289,0.008949404936986071,0.02312894144816803,0.6997943880214321,0.9366755687768398
circ13308,-7.526555941534078e-4,0.0017069067888842017,0.660397736716013,0.9366755687768398
circ13342,-0.007458245827012165,0.01404328131261399,0.5967747994824737,0.9209947530095062
circ13345,0.0023843456965583934,0.007413055069894702,0.7485329674700318,0.9491095653442142
circ13367,4.021007114740005e-4,0.00891251470546385,0.9641228883576949,0.9984377862131624
circ13378,0.00459005551139039,0.007205134932578164,0.5258433573076481,0.8906877237700902
circ13446,0.002868844076769433,0.004776836071017302,0.5497601395968288,0.9051679003536066
circ13474,0.00310785020170703,0.0011711613959893338,0.00954071875315728,0.570596263638896
circ13507,0.0030053131048687343,0.003898150441610313,0.4429205756569369,0.8734218653405886
circ13511,0.025429622913516987,0.015995003839051208,0.11567115026692404,0.7072466997003033
circ13522,-0.009366466817228759,0.007420951923393387,0.21042447144307128,0.7716480053363823
circ13566,-0.005624979837392416,0.027814945236315065,0.8402328144278963,0.9693803723731477
circ13579,0.00273910840697089,0.006243569126753702,0.662012451928577,0.9366755687768398
circ13584,0.007193084082585895,0.009018545584686245,0.4273855344730424,0.870018248671684
circ13670,-9.648431759831377e-4,0.0020611343786464393,0.6409309380169795,0.9366755687768398
circ13679,1.3247532810739987e-4,0.0037615078091516583,0.971989932224401,0.9993752419005805
circ13696,-0.005381713192590443,0.013295004194214107,0.6866716533041872,0.9366755687768398
circ13699,0.0028011761323829755,0.003994981669222429,0.48515586454333137,0.8840822159864296
circ13706,0.00504709601033607,0.008190427274082012,0.5394364513311927,0.8983591256270167
circ13720,0.0024041745561769337,0.025517984368894315,0.9251655144992504,0.9915828567939389
circ13769,0.002452149082950688,0.010893084149344489,0.8224465248721109,0.9647003984984427
circ13772,0.01751978272819344,0.008595973605935767,0.04472031967739091,0.6363029290535749
circ13923,-0.00944413227795951,0.02432678410844383,0.6988475589374232,0.9366755687768398
circ13941,0.05358055733238015,0.027633566122007243,0.05590354544553685,0.6578079735136376
circ1401,0.006627093269424034,0.007971132950182513,0.4081406831656704,0.8602206496437207
circ14049,-0.0022252280930477627,0.007710010425586797,0.7735952477045203,0.9641191954681365
circ14057,-0.011857523661829088,0.006828684575148425,0.08619841268658163,0.7072466997003033
circ1407,0.030321688683093637,0.07453556854828791,0.6851959272285769,0.9366755687768398
circ14091,-0.03754152582037621,0.018100737826005027,0.04117568717835624,0.6363029290535749
circ14130,0.0018493083023460898,0.002429326228840913,0.44866922477763593,0.8734218653405886
circ14137,6.906654941590665e-4,9.924040550164648e-4,0.48840317787340903,0.8840822159864296
circ14154,-0.0026657734219618897,0.008110179240285172,0.7432142965430057,0.9484266428784958
circ14177,-0.00468954658994401,0.004911369709907567,0.34243397621476723,0.8452411764392322
circ14179,0.02783630233611669,0.02906790568651837,0.3410304498681096,0.8452411764392322
circ14192,0.0022121024466470888,0.00158348111270756,0.16614138960481264,0.7513038554751993
circ14194,0.0050027454854274294,0.0031642484040669914,0.11767657543298025,0.7072466997003033
circ14197,0.011416064711766507,0.022035379363437396,0.6057815243504809,0.9225982985797554
circ142,-0.007051720787596851,0.013108438939355656,0.5920492736910146,0.9201938857954185
circ14245,9.456499486678741e-4,0.004740691076195506,0.8423789791688592,0.9693803723731477
circ14264,9.399493378542434e-4,0.0033535695111661587,0.7799576029546027,0.9647003984984427
circ14287,0.049778299356409365,0.02396182495599363,0.04085594800731124,0.6363029290535749
circ14372,0.004000857177855286,0.009674446323166268,0.6802710455772796,0.9366755687768398
circ14439,0.0036120538477675927,0.018001685861659667,0.8414624439202176,0.9693803723731477
circ14451,-0.014522830436016737,0.009160380720589629,0.11667924699909553,0.7072466997003033
circ14460,0.0012614192039026159,0.0035359305373395674,0.7221894026015138,0.9441004207182453
circ14462,2.6279469350765295e-4,0.0012742901276461553,0.8371176108175086,0.9693803723731477
circ14472,0.0014286357021779821,0.004233647796045158,0.7366311614963192,0.9484266428784958
circ14478,-0.0030745979969437607,0.0018625278287019527,0.10256548837836482,0.7072466997003033
circ14513,0.019497034713037802,0.011173294155613453,0.08469177860739771,0.7072466997003033
circ14530,-5.378200482355658e-4,0.009114978465922442,0.9530907653403063,0.9924127811991401
circ14540,0.0021831056818342595,0.005605294876671288,0.6979245115137047,0.9366755687768398
circ14542,0.006002261279169648,0.010484591390851176,0.5685416054872674,0.9105479071813306
circ14544,-0.0064592610735045575,0.003936439973143469,0.10460484052669883,0.7072466997003033
circ14613,0.00867214468185919,0.010932868542070092,0.42991272956612725,0.870018248671684
circ14627,-0.002371918672290225,0.0025812857436911486,0.3608156252229381,0.8452411764392322
circ14670,0.003645649625526864,0.0034676100638709874,0.2961521775878807,0.8371234886484095
circ1470,0.006167130923529654,0.08595904718068746,0.9429774513352299,0.9924127811991401
circ14747,0.03174621030086595,0.014392455232051843,0.030165660548548898,0.6363029290535749
circ14776,0.008420772917928587,0.009096597994255433,0.35728271488554453,0.8452411764392322
circ14829,-0.0010740972000201604,0.03711653346632613,0.9769831010435611,1
circ14882,0.008315653387360948,0.009323330724961438,0.3750149781084303,0.8452411764392322
circ149,-7.374395127990815e-5,0.004108148384627477,0.985721300449102,1
circ14901,0.0032497239242863262,0.0022181079005455986,0.1466747029007614,0.7409525795125014
circ14930,-0.004950565802699271,0.004394076257612345,0.2631392649051691,0.824369180271871
circ14945,0.02415684541213036,0.011258080641217118,0.034815187247808764,0.6363029290535749
circ15003,0.012419546374525591,0.040511661535099414,0.759940573074738,0.9547326019048328
circ15004,-0.014521929059709166,0.027655856900858804,0.6009175977247396,0.921784713515297
circ15013,-5.256270920334343e-4,0.004105288922089836,0.8984297543837014,0.9827708852694653
circ15015,0.01244914439401635,0.012736354217045828,0.33118699859734324,0.8452411764392322
circ15016,-0.0018363284790566974,0.009842358458355745,0.8524499060065093,0.9693803723731477
circ15044,0.002055478606871717,0.004877749263339628,0.6745530830925333,0.9366755687768398
circ15109,0.008631853531379024,0.007191225074537321,0.2334253868590558,0.7955977815774893
circ15110,0.007510634688247575,0.005190267954775108,0.1516461946831693,0.7409525795125014
circ15118,0.019026992672525528,0.01197872881105971,0.11599862110976951,0.7072466997003033
circ15120,-0.0011107608915769556,0.005220486721203104,0.8320283773863257,0.9671201656587264
circ15148,-2.4204363300166516e-4,0.0024468506862252992,0.9214399310390946,0.990207210840241
circ15189,0.006242395640696008,0.01614557453281601,0.7000181225665248,0.9366755687768398
circ15203,-0.001099090355834322,8.278495192437969e-4,0.18793535281378207,0.7716480053363823
circ15228,0.001873522638305998,0.01855830234962128,0.91983096826514,0.990207210840241
circ15231,4.986232469999189e-4,0.001543027923108186,0.7473974225715172,0.9491095653442142
circ15236,0.0029661439785431377,0.011633082467727773,0.7993732149504887,0.9647003984984427
circ15317,-0.006492259111076314,0.00588932802236405,0.2734841213081019,0.824369180271871
circ15397,-0.0011281637399271067,9.667585256078355e-4,0.2465703232835445,0.8041985928632528
circ15404,0.002926093438031983,0.002904810092513353,0.3167053778051081,0.844628293467569
circ15406,0.003434667622947338,0.0029060386896443426,0.2406177200360836,0.8041985928632528
circ15409,0.013813371407040155,0.006036624557699361,0.02466479724381787,0.6202204212480197
circ15448,0.01161044410267326,0.005284192902853743,0.03079298100509973,0.6363029290535749
circ15530,0.002311562283190429,0.004946173985218258,0.6414787779140776,0.9366755687768398
circ15532,-7.385242694822361e-5,0.002653693663530553,0.9778645055129829,1
circ15548,-0.01487784435855618,0.014658604452366367,0.3130761777390131,0.8428014471964042
circ15592,0.0051244347845439365,0.003124460357235652,0.10476866085276487,0.7072466997003033
circ15595,-5.732763496711116e-4,0.002344115244538602,0.8074008742946481,0.9647003984984427
circ15598,-0.0037443639140335057,0.006224943943005519,0.5491400122630946,0.9051679003536066
circ1561,0.03823309827904746,0.03481545812198119,0.27530819793985123,0.824369180271871
circ15651,0.0019537525453214044,0.0027169207041707567,0.4740957139983468,0.8840822159864296
circ15748,0.021170917210496822,0.02497409968129043,0.39903470334701774,0.8579650822471374
circ15773,0.0234594236504267,0.015406936971056214,0.1316465074322717,0.7117141091694561
circ15886,0.0017274941504657588,8.672855747889587e-4,0.04967672535905974,0.6464290576765277
circ15896,-4.85649256646438e-4,8.394369536868164e-4,0.5644650830423203,0.9095684976701147
circ15905,-0.0026759583634742763,0.001597999134362136,0.09778324586653749,0.7072466997003033
circ15950,-7.309725593427401e-5,0.011151483140955555,0.9947856849063684,1
circ15959,0.02509160981551558,0.022422142124419446,0.26634483492665595,0.824369180271871
circ15965,0.001843942658547446,9.128242826169037e-4,0.04660471618787024,0.6415714176512006
circ15966,0.00517069044227222,0.004675151315959909,0.2719244591193421,0.824369180271871
circ15972,0.008269476984034343,0.005211703774113496,0.11638033325112722,0.7072466997003033
circ16011,0.05063772825242094,0.028218234387964777,0.07637366296320765,0.7072466997003033
circ16016,0.023746310525600944,0.018386718343858893,0.20011797402358697,0.7716480053363823
circ16040,0.017565580094011164,0.01483050760669562,0.23962667941211627,0.8041985928632528
circ16113,-4.747235777089422e-4,0.002473729651412851,0.848284558145324,0.9693803723731477
circ16135,4.333907843100671e-4,0.0037865169884567403,0.909152499940755,0.9873992314930331
circ1626,-3.649565379706661e-4,0.005774860105610132,0.9497612103524293,0.9924127811991401
circ16275,0.001383005809074699,0.0023592596004058763,0.559329722108356,0.9093397322620511
circ16286,-0.00462889103274278,0.0034544986965391795,0.18391522115494846,0.7716480053363823
circ16315,-0.021645371013023242,0.0217911234941197,0.32344527715536686,0.844628293467569
circ16317,-0.0037567993792970047,0.005554270156381324,0.5006797030444696,0.8840822159864296
circ16340,0.008355831372360793,0.010836659643469642,0.4428545376251548,0.8734218653405886
circ1640,2.4977908816516267e-4,0.006703596103707411,0.9703668021299084,0.9993752419005805
circ16407,4.41940567105542e-4,0.006619069535430504,0.9469271460661725,0.9924127811991401
circ16415,-2.731086431313855e-4,0.00396252852355097,0.9452168307416033,0.9924127811991401
circ16441,0.0050318296439534945,0.01938665183469653,0.79585265378476,0.9647003984984427
circ16443,0.005694843942902215,0.006885006533308533,0.4105311030919262,0.8602206496437207
circ16488,-0.016183094878207096,0.023851090934869708,0.49933871850016465,0.8840822159864296
circ16509,0.017432818123933106,0.01689277690053636,0.3050844495068889,0.8421601991596412
circ16547,-0.00474754303966917,0.008602852895900931,0.582529306800597,0.9164234645363916
circ16556,0.004815792137781299,0.0038699577810943566,0.21685337294752952,0.7716480053363823
circ16567,0.010040623335489225,0.012547982293583686,0.4258918514105713,0.870018248671684
circ16575,0.0025089339504396836,0.0060215023387122256,0.6780009098291331,0.9366755687768398
circ16577,-0.025392139729123936,0.05666520973579,0.6552427133842076,0.9366755687768398
circ16602,0.003022357355470012,0.006927163668216563,0.6637481436129913,0.9366755687768398
circ16619,0.007884417154913595,0.011225855883494815,0.4844294726086914,0.8840822159864296
circ16638,0.0029185560950946584,0.003669667846167153,0.4286965982025194,0.870018248671684
circ16646,0.00139878708873428,0.003655017813657846,0.7029181306512178,0.9375319210361962
circ16674,0.003047244301351852,0.009103371187268141,0.7386671843854109,0.9484266428784958
circ16689,0.0024424485975197583,0.004710030187381191,0.6054451147358952,0.9225982985797554
circ16691,-0.004510589833672628,0.012099966660517977,0.7102646517899439,0.939925756426143
circ16769,0.0011826916183347578,0.008660326436118896,0.891705883869677,0.9824580042178235
circ16816,0.007499821158767097,0.008340838383663835,0.3711640442183599,0.8452411764392322
circ16822,0.024121106325632392,0.01177695995379157,0.04370514525709975,0.6363029290535749
circ16827,0.008456533386017675,0.0033420828681840543,0.0132849333842465,0.614730990819712
circ16886,0.014535314297503179,0.011040310673643815,0.19160757683702573,0.7716480053363823
circ16948,0.012083376209930517,0.010721270508863385,0.26297040286977064,0.824369180271871
circ16972,0.015060549057194806,0.015349218024772024,0.32934891195968163,0.8452411764392322
circ17067,0.01817154494665307,0.008644858691879757,0.03858387432907265,0.6363029290535749
circ17079,0.012692802618993351,0.01409794509550399,0.37054956714685827,0.8452411764392322
circ17102,-0.003800910410749548,0.011019117200257344,0.7310136788906734,0.9484266428784958
circ17131,-0.002292519614824242,0.0029463815286707423,0.43873444789455585,0.8733056304934395
circ17157,0.008662148722169308,0.0063793006156684555,0.17819057428324112,0.7716480053363823
circ17209,-0.002649377997240357,0.0032273320617079715,0.4140440604180453,0.8622528566662633
circ17223,-0.0016992495140300341,0.025066391074516702,0.9461158804384424,0.9924127811991401
circ17228,-0.005954431215889276,0.02441339393156649,0.8079099932339009,0.9647003984984427
circ17231,-0.009876874642291348,0.00481342224696034,0.04332708000842264,0.6363029290535749
circ17250,0.007454886882471132,0.006690006835641089,0.2683533056014471,0.824369180271871
circ17267,-0.009905137411557853,0.018200473959896157,0.5877463139910235,0.9164234645363916
circ17279,0.006692909621941982,0.0067003912758432415,0.3207544489037962,0.844628293467569
circ17334,0.003938505467202921,0.002808476036237532,0.16453579392173603,0.7513038554751993
circ17386,0.006514254041906581,0.004614023586252787,0.16173575312458077,0.7513038554751993
circ17401,-0.00300268725338805,0.0033940514237786198,0.37887893491596514,0.8452411764392322
circ17403,0.01512450011934091,0.0044935211375157465,0.0011577894078302188,0.5539851768516652
circ17405,-0.003162178762966805,0.0048792256255057245,0.5187154258555211,0.8906877237700902
circ17406,1.3685533199552058e-4,0.0016399193838839868,0.9336927089219365,0.9924127811991401
circ17409,-0.00030043533819392744,0.001573554803084061,0.8490484240590818,0.9693803723731477
circ17411,-0.03043466182626213,0.028513656375868387,0.28889892716652654,0.8280663533800986
circ17412,-0.004459863492897368,0.013116617105947427,0.7347032412941246,0.9484266428784958
circ17425,-0.002969076987517448,0.006885305621847724,0.6674268209612608,0.9366755687768398
circ17434,0.0012549360003019877,0.0016103715247900666,0.43802905243192203,0.8733056304934395
circ17554,0.007851211844029543,0.005017365084553256,0.12143292391080679,0.7072466997003033
circ17574,0.01608332622691519,0.012939701244553854,0.21738823361370835,0.7716480053363823
circ17606,-0.009263559212420914,0.004871174153476737,0.06067847977824892,0.6691017388826965
circ17615,-0.0012374818968220866,0.0016178094546964387,0.44649337830743807,0.8734218653405886
circ17709,-0.042186537674935576,0.04653978876462115,0.36731557856401886,0.8452411764392322
circ17714,-6.227492991128763e-4,0.005759602887099734,0.9141585594361754,0.990207210840241
circ1774,0.0022368026746600865,0.002943061751195926,0.4493926862664549,0.8734218653405886
circ17776,0.004701077612888703,0.021324118469952337,0.826055666673676,0.9652501200464515
circ17833,0.011784246455535727,0.007732952465766091,0.13133500436702591,0.7117141091694561
circ17982,-0.00485797054981893,0.009694262643288763,0.6176144572702527,0.9286118080942806
circ18022,-0.014327831935028044,0.011543125936998395,0.21801235964259336,0.7716480053363823
circ18123,-9.475952118618016e-4,0.003572327800899892,0.7914669730149974,0.9647003984984427
circ1822,0.00847633396772178,0.00319284693231363,0.009511085974579501,0.570596263638896
circ18237,0.003181662741854354,0.0036721141449157692,0.38874730110292244,0.8556040464547053
circ18238,0.02404112882632738,0.01480832830548663,0.10827750195785474,0.7072466997003033
circ18246,0.0015860011654348185,0.002277152494377063,0.4880714942364722,0.8840822159864296
circ18252,-5.012688240897038e-4,7.833672648765982e-4,0.52400657815216245,0.8906877237700902
circ18268,-0.018910413958509304,0.012651493404447394,0.1387804539460823,0.723213275322085
circ18273,0.010101665817553526,0.014036255406997539,0.47374136149244317,0.8840822159864296
circ18278,0.0067429074443468755,0.00413488571403278,0.1067351572883615,0.7072466997003033
circ18288,0.01211288204768585,0.007591612026331875,0.11438763900286074,0.7072466997003033
circ18303,0.0043476245770624035,0.003041860502430078,0.15668114346664538,0.7513038554751993
circ18370,0.018212673020066215,0.025759092942138108,0.48152287404850047,0.8840822159864296
circ18386,0.006854931546166694,0.005815629564559037,0.2418823949006169,0.8041985928632528
circ18396,0.034669614230031,0.011203556767963913,0.0026867965334273053,0.5539851768516652
circ18397,0.002551193159658533,0.013934162004686465,0.8551746129510719,0.9693803723731477
circ18425,0.0134445096795801,0.008277605395774504,0.10812442027196961,0.7072466997003033
circ18558,-0.011921300634884398,0.01288069820838754,0.3573804319804238,0.8452411764392322
circ1856,0.00981916388531136,0.005862000379067072,0.09768765100031268,0.7072466997003033
circ1857,0.001697648165690613,0.0021165060381325342,0.42478607972794213,0.870018248671684
circ18587,0.004452192748592916,0.004778011523824957,0.35413796564514943,0.8452411764392322
circ18605,0.0097248844859042,0.005743889049502865,0.09418991976176812,0.7072466997003033
circ18608,-0.014242613470602286,0.011676140972654394,0.22599363600949696,0.7828537717976038
circ1867,0.006802830105898829,0.017471348021130297,0.6979992212343408,0.9366755687768398
circ18682,-0.004915036712638548,0.004259524550492709,0.2518557523811763,0.8164131422753726
circ18685,0.001918683929201074,0.018582423538343256,0.9180115495379204,0.990207210840241
circ18730,-7.505740287961292e-4,0.0017396755691163023,0.6672635513150637,0.9366755687768398
circ18763,-0.002783348586050273,0.0055927577863275355,0.6200325255596495,0.9296102929182863
circ18795,-0.02107564574853527,0.01862441504372867,0.26105574302906775,0.824369180271871
circ18798,-0.007677452340435549,0.019150238301199458,0.6895192586311077,0.9366755687768398
circ18804,-0.0013320348158954737,0.020917769277795272,0.9493784758358743,0.9924127811991401
circ18820,0.012176632478824324,0.012915093231196419,0.3485082888862817,0.8452411764392322
circ18861,0.014997011395032548,0.018204390426824625,0.4124068581103538,0.8605339952696359
circ18873,0.0077416023224756636,0.011448448189997405,0.5007847030397978,0.8840822159864296
circ18893,0.006650071159468254,0.013978179329424632,0.6355047162718586,0.9366755687768398
circ18914,0.019801244506499484,0.01584052655344235,0.21479909991723797,0.7716480053363823
circ18935,-0.0013519304306987138,0.0035666937850983432,0.705623852079557,0.9384708697670395
circ18942,0.0015338013177038352,0.004104530876669741,0.7095915626156875,0.939925756426143
circ18968,-0.003569182484513726,0.003948032868019089,0.36859031562277067,0.8452411764392322
circ18988,0.02555008465660844,0.035682503838837566,0.47597668211542554,0.8840822159864296
circ18992,2.739728367940582e-4,0.0011267765104628297,0.8084910829809774,0.9647003984984427
circ18993,2.739728367940582e-4,0.0011267765104628297,0.8084910829809774,0.9647003984984427
circ19013,-5.352759671189833e-4,0.0039215027044145765,0.8917584107520589,0.9824580042178235
circ19134,0.0036996806987827863,0.0036592855221680735,0.31493607508696836,0.844628293467569
circ19195,-0.019454281260693526,0.012747598618081142,0.1307834002816903,0.7117141091694561
circ192,0.0032926288332484365,0.006139007235828578,0.5931544220521066,0.9205077721153834
circ19205,0.002358238383254251,0.0027640851626905857,0.39601970868148795,0.8556040464547053
circ19215,0.011267357801526911,0.01475330052467316,0.4472009903398433,0.8734218653405886
circ19323,-0.024579310551238395,0.025843395445329993,0.3443217307194699,0.8452411764392322
circ19330,0.06017221390122865,0.036782986368644015,0.10565343970828908,0.7072466997003033
circ19332,-0.012831038376711883,0.02593237703469507,0.6220567469827715,0.9313278980250533
circ19368,0.00979771803609662,0.027732157488096827,0.7247607401190035,0.9444986076968053
circ19375,-0.0036673680610598823,0.0047870201440168006,0.44578617716320623,0.8734218653405886
circ19392,-0.0044126680270960665,0.009010377199654645,0.6256156291859188,0.93477279683619
circ19394,0.0060668146744174535,0.007346558032281107,0.4112828708628613,0.8602206496437207
circ19424,0.0073487046653432,0.007867624871111192,0.3529908346204862,0.8452411764392322
circ19425,0.0073487046653432,0.007867624871111192,0.3529908346204862,0.8452411764392322
circ19427,0.005090152310789183,0.0037935635703611743,0.1833246423376193,0.7716480053363823
circ19428,0.005090152310789183,0.0037935635703611743,0.1833246423376193,0.7716480053363823
circ1944,0.002221951159142446,0.0029667296554338743,0.45600080585276226,0.8740702607665968
circ195,5.597237205206434e-4,5.306845285140865e-4,0.2946138729380309,0.8365187592633876
circ1952,0.01233235761267626,0.013876120727596756,0.37670768346102934,0.8452411764392322
circ19525,-0.0062957461055604715,0.013445362104147755,0.6408355365408582,0.9366755687768398
circ19548,-0.007609273437909073,0.011006251420652379,0.4912690881753915,0.8840822159864296
circ1955,-0.007803115866085225,0.014356481092016432,0.5882248333041494,0.9164234645363916
circ19575,0.002647564043137257,0.003677930524783384,0.4736386072465373,0.8840822159864296
circ19586,0.02346749883421694,0.017739109919468952,0.18949379510005504,0.7716480053363823
circ19590,0.004443758898087124,0.004595033836862706,0.3363142534443918,0.8452411764392322
circ196,-0.0010717897018648335,0.002961128910085811,0.7183069910730255,0.9436811673448331
circ19626,0.0014649005156943382,0.002070796399188727,0.4812937870072641,0.8840822159864296
circ19627,6.22639344902494e-4,0.0018354393696658352,0.7352919571654994,0.9484266428784958
circ19637,0.007469967352938879,0.004097593485810395,0.07190186144761772,0.7045474145497497
circ19647,-3.0634742922996185e-4,0.0038091708288723954,0.9360939201018493,0.9924127811991401
circ1969,0.009218882912243095,0.008383671810942891,0.27467542304920295,0.824369180271871
circ1970,0.001927386416219088,0.004395429958484236,0.6621647031276279,0.9366755687768398
circ19720,-0.012292508249935335,0.006897681833317381,0.07838654048066902,0.7072466997003033
circ19757,0.0021985413813487226,0.004196775160061401,0.6017688884458354,0.921784713515297
circ19853,0.008302185782023262,0.007760572156752266,0.28781490210251615,0.8280663533800986
circ19865,0.055774348496400505,0.044844202741723814,0.21709806706367704,0.7716480053363823
circ19874,0.026266790979697884,0.020175988942515873,0.19655774845683127,0.7716480053363823
circ199,-4.1460860350135556e-4,0.003163476297563263,0.896044147372738,0.9827708852694653
circ19912,0.00894737278671095,0.00814296216440392,0.2750385236265864,0.824369180271871
circ1994,0.011565681782193223,0.008098096753286793,0.15698719504338343,0.7513038554751993
circ19960,0.003103437473518647,0.010716070909469534,0.7728399616154908,0.9641191954681365
circ19972,0.004133763878947017,0.004278054534621824,0.33671524256164376,0.8452411764392322
circ19975,0.007916161209148691,0.008189348276460895,0.3365316489601402,0.8452411764392322
circ19976,0.00833806342458529,0.005913433914583742,0.16227004453691085,0.7513038554751993
circ20012,0.007028125791969312,0.0021474780142917487,0.0015535054553052832,0.5539851768516652
circ20059,0.0013868969369553567,0.0011784694994829794,0.24261427259079563,0.8041985928632528
circ20064,0.0013362951791082358,0.006727067025932432,0.8430265794184745,0.9693803723731477
circ20083,0.0012685429633556638,0.0017110100037090676,0.4605435187593274,0.8784154236713472
circ20106,0.08269182047308084,0.05028790372663439,0.10388281846604494,0.7072466997003033
circ20148,0.0037420045575511855,0.017968498938025754,0.8355411484917317,0.9693803723731477
circ20158,-0.013126898321035273,0.025135966445407543,0.6028973169763348,0.9221806002812624
circ20161,0.016659675751454123,0.006927446824468278,0.0184021094826417,0.6202204212480197
circ20175,0.0032731386171768206,0.00415759339865017,0.4333675804704237,0.870018248671684
circ202,0.0014671094646315293,0.003997565971475941,0.7145525329570637,0.9425238539088585
circ20293,0.004091242537489108,0.009434146539596287,0.6656580843143904,0.9366755687768398
circ20314,0.02798901579159453,0.027187398740018746,0.3062426129042274,0.8428014471964042
circ20322,7.272272292449534e-4,0.00238655510017923,0.7613434006063684,0.9547326019048328
circ20353,8.780628028168497e-4,0.002687094903355387,0.7446642433509936,0.9484266428784958
circ20367,-0.001142289659052501,0.00643084827722907,0.859449023087199,0.9693803723731477
circ20402,0.0024948773057331774,0.0038401292780350983,0.517689251946821,0.8906877237700902
circ20416,6.019707044336704e-5,0.006658739140824802,0.9928086679002219,1
circ20418,-3.66321664418744e-4,0.003563845832996448,0.9183789292747543,0.990207210840241
circ20457,0.005284432865167985,0.0059174101608655055,0.3744223655156118,0.8452411764392322
circ20464,0.004617664509389034,0.0016845548740558917,0.007495273473037855,0.570596263638896
circ20470,-0.0025760667489094402,0.0043087019285560765,0.5515509646924277,0.9051679003536066
circ20539,-0.0015143734413078337,0.002616822360418433,0.5643540177397894,0.9095684976701147
circ2054,0.0025262902663208985,0.0029240593778033412,0.39009605532434233,0.8556040464547053
circ2055,-0.046966649902947966,0.036287976848384945,0.19915971968710117,0.7716480053363823
circ20567,0.003525768695691547,0.006883242512128513,0.6098539160468255,0.9261391848275574
circ20583,0.014546289935576908,0.015277279351509796,0.34378457840221344,0.8452411764392322
circ2059,0.008655894455934638,0.006221569318298973,0.16786106502695472,0.7539522412227626
circ206,-3.6983346168837386e-4,8.6652942054125e-4,0.670631128126306,0.9366755687768398
circ20604,0.0962554994998021,0.040348562911946,0.019328135195916023,0.6202204212480197
circ20629,0.04118523141054763,0.031207645409990842,0.19055839962040827,0.7716480053363823
circ20644,0.0011367061933598962,0.004709706449308284,0.8098760660057188,0.9647003984984427
circ20656,0.030506306372013254,0.02179579632924795,0.16534715897883226,0.7513038554751993
circ2066,-0.007970509908911058,0.004807212822393996,0.10108608513189851,0.7072466997003033
circ20689,-0.006210893499994373,0.00882277204432408,0.483426978330855,0.8840822159864296
circ207,0.0016973849647931838,0.0020561502064715726,0.41144515978242113,0.8602206496437207
circ20763,0.006729185991252706,0.006913724346992994,0.33322813758369396,0.8452411764392322
circ20768,-0.004565636875782905,0.01589837224405552,0.7746930112992044,0.9641191954681365
circ20830,0.005746184547343954,0.006504477160166349,0.3795611320613911,0.8452411764392322
circ20839,0.007008394740306573,0.009451283498141711,0.4604661890121272,0.8784154236713472
circ2085,-0.004838344175196598,0.004455339891225482,0.28063833927261234,0.8269532492121572
circ20859,0.004803649871240155,0.02049464287579422,0.815262827084434,0.9647003984984427
circ20873,-0.0036435570029578258,0.020679594343954152,0.8605731277258396,0.9693803723731477
circ20924,0.03719860365675706,0.03341273835092502,0.2687908529935307,0.824369180271871
circ20939,0.0027185600064343622,0.0016105095442811785,0.09516322102647276,0.7072466997003033
circ2094,-0.012258448410767396,0.030077764192720388,0.6846471422585322,0.9366755687768398
circ20943,0.0017659592132002661,0.0026983235716125766,0.5146215388719951,0.8906877237700902
circ20950,0.0034366260057813527,0.006208029864503908,0.5813562127878518,0.9164234645363916
circ20992,-0.004999100186325046,0.009858435652606698,0.6134373122713564,0.9274860157866168
circ21003,0.04536230367217689,0.021364470457291958,0.03671022040791601,0.6363029290535749
circ21020,-7.112518265748883e-4,0.002175786947828378,0.7445709706087382,0.9484266428784958
circ21051,0.006008696299744702,0.002769511977067967,0.03289757365434239,0.6363029290535749
circ21068,0.0023466536430060904,0.005602867026757031,0.6764216193037116,0.9366755687768398
circ21078,-2.9550327736800293e-4,0.002085686852652371,0.8876749069622389,0.9824580042178235
circ21097,0.0031113557204873557,0.0063941165367043884,0.6278266383440252,0.93477279683619
circ211,5.133077866700293e-4,0.0020862023375983183,0.8062518302007272,0.9647003984984427
circ21108,0.08005445421370483,0.03565419760768838,0.02740745912098996,0.6363029290535749
circ21115,0.01168736488762457,0.013895744587171006,0.40272248733631566,0.8602206496437207
circ2113,4.6029760157381786e-4,0.0013887853852318497,0.7411483297094823,0.9484266428784958
circ21131,0.010576149480830013,0.00843928419564258,0.21365017166688213,0.7716480053363823
circ21220,0.001035904787508347,0.0037871314114906306,0.7851231703852434,0.9647003984984427
circ21224,0.027802850379395623,0.018815823942962908,0.143291174051863,0.7302338677643018
circ21246,0.007669707633582935,0.00922602734833032,0.4081825602080644,0.8602206496437207
circ21262,0.005055280040217252,0.005939282222900774,0.39712942533558027,0.8556040464547053
circ21294,0.015723485134499834,0.005167031671968298,0.0031357651519905577,0.5539851768516652
circ21297,-0.03633483961649244,0.03775702245876516,0.33867750731766055,0.8452411764392322
circ21301,-0.0673002990676995,0.04059712082463644,0.10114096124187741,0.7072466997003033
circ21305,0.003202762713995154,0.002161420373004075,0.14218393400774393,0.7280916427449688
circ21318,7.897969001024532e-4,9.489404149516202e-4,0.40763167346993134,0.8602206496437207
circ21339,0.0034481842702241286,0.00850499913727937,0.6862044300312117,0.9366755687768398
circ21366,0.005276043584718437,0.004139763160595996,0.20605016012242405,0.7716480053363823
circ21395,-5.281911375361156e-4,0.0022851915916895903,0.8177776066419167,0.9647003984984427
circ21412,-0.009259719505496549,0.005680250461247494,0.10685699079771234,0.7072466997003033
circ2145,0.04027139164792953,0.025023027808723737,0.11133189773518558,0.7072466997003033
circ21460,-0.0048681460763461215,0.005346557697947278,0.3651852212010588,0.8452411764392322
circ21473,-0.004216073474428729,0.007394698028374404,0.5701173746873578,0.9114998750657606
circ21483,0.026715355896728653,0.014443386446867816,0.06792176134635229,0.6873145234208944
circ21515,-7.205048395994252e-4,0.020490168567818635,0.9720338437731117,0.9993752419005805
circ21619,-0.0025655564951536543,0.003946600689356944,0.517443938965805,0.8906877237700902
circ21623,0.0046932084885203266,0.006821224369767154,0.4933521781586151,0.8840822159864296
circ21639,0.015401572768491058,0.013133284163448259,0.24426568776244686,0.8041985928632528
circ2166,-0.0010726265975666731,0.007718486134513832,0.8898116595283188,0.9824580042178235
circ21683,0.0014741457349837096,0.0028027703443264692,0.6003183730503328,0.921784713515297
circ217,-0.0039546939912477996,0.005070522659035195,0.43764575980822773,0.8733056304934395
circ21708,2.677471871971479e-4,0.0022792195321679615,0.906768897697291,0.9867876113407429
circ21709,-2.6045132345130267e-4,0.01371895996798465,0.9848988175331204,1
circ21721,3.7980403838989133e-4,0.0016304448764968003,0.8163775840829728,0.9647003984984427
circ21724,-0.006792968158604856,0.012812438462937486,0.5973989435461422,0.9209947530095062
circ21753,0.0035622885700057013,0.006188455983845966,0.5664197169767548,0.909856741563028
circ21755,0.0025995209506388985,0.006603320547950593,0.6948351045711412,0.9366755687768398
circ21758,0.006040615594193632,0.015280844145990263,0.6936309367815212,0.9366755687768398
circ21762,0.0036094975055234353,0.008456050721917465,0.6705910013680745,0.9366755687768398
circ21770,-0.015220213091647098,0.011804672785676184,0.2008621530536793,0.7716480053363823
circ21771,0.00473596538945556,0.0027498116638650814,0.08874205480237617,0.7072466997003033
circ21794,0.0028104351559236165,0.006018108179829765,0.6417260240029706,0.9366755687768398
circ21803,-6.661369246357908e-4,0.002717248877350157,0.8069444470502605,0.9647003984984427
circ21813,0.01507152197465294,0.017544591807690028,0.3927921645388327,0.8556040464547053
circ21820,0.021297428853336468,0.013511590251567318,0.118775965743088,0.7072466997003033
circ21841,0.016062031324927412,0.014828789752414124,0.2818716718762046,0.8269532492121572
circ21844,-0.021403208613210663,0.02293459293145234,0.35340909403891807,0.8452411764392322
circ21871,-2.7576538744641363e-4,0.006470754348868222,0.9661090463234692,0.9984377862131624
circ21895,-7.589717176284809e-4,0.004800428615383309,0.8747580998190729,0.9801729236873333
circ21897,0.0030515446144917598,0.007694980356376153,0.6927074867404259,0.9366755687768398
circ219,1.1879574263037418e-4,7.857253597031169e-4,0.880190773007197,0.9811275844672442
circ21933,-0.008897169320171086,0.00333785307621013,0.009235937046533553,0.570596263638896
circ21947,-0.0018147330380723142,0.0019798578602290683,0.3620091346472105,0.8452411764392322
circ21958,-0.004104801123419521,0.014309366356486117,0.7749335420177852,0.9641191954681365
circ21971,7.949897336722809e-4,0.00683290699283466,0.9076584160917212,0.9867876113407429
circ22014,0.0042892963779049,0.00847789535655758,0.6142407387567972,0.9274860157866168
circ22021,0.0013273419716339624,0.0060484434355646405,0.8268368952850735,0.9652501200464515
circ22025,0.0073896781586453904,0.00736563888354297,0.31864960588263946,0.844628293467569
circ22040,-0.010418089159292591,0.010445709176472607,0.3214906444110066,0.844628293467569
circ22043,0.0015830104508690397,8.05685348759302e-4,0.052783016655407924,0.6578079735136376
circ22114,0.011817588815611456,0.011074745416889898,0.289031756069933,0.8280663533800986
circ22116,0.0016147566355611447,0.003126228078849689,0.6068653797678396,0.9229229591878192
circ22122,9.211137327508254e-5,0.0036083413827524176,0.9796956130421663,1
circ22159,0.009880054986535842,0.01543886908280978,0.5239697816732024,0.8906877237700902
circ2216,0.005832020570007518,0.017837254568591743,0.7445233111062393,0.9484266428784958
circ22191,0.008635456254866327,0.04785728971757921,0.8572455787472653,0.9693803723731477
circ22230,0.006890221433460648,0.010416003781723644,0.5101218275243153,0.8893571335127867
circ2227,0.028405047147662073,0.02660815726357122,0.2888270845431082,0.8280663533800986
circ22307,0.005049909511700103,0.005932347004220134,0.3970798634295044,0.8556040464547053
circ22323,0.004155901397851505,0.006196751771133523,0.5043003495975036,0.8840822159864296
circ2233,-6.042794820213269e-4,0.004932865453791767,0.9027986180378988,0.9855474100104765
circ22330,0.01314034515507009,0.012614481715690167,0.3005814648016704,0.8384640860257122
circ22361,0.012221211799528014,0.011772142020783602,0.3022166558150268,0.8394428821848717
circ22391,0.009256459310369553,0.0060819722914747945,0.13182242968226648,0.7117141091694561
circ22397,-0.002277210868314456,0.02331866990487817,0.9224408007872033,0.990207210840241
circ22401,0.04505792790564937,0.027559544304522784,0.10585095777385632,0.7072466997003033
circ22404,-2.7823949850567684e-5,0.003811558152230521,0.9941931005582587,1
circ2241,0.0029124171504638047,0.004087214746891105,0.47811174380882027,0.8840822159864296
circ22411,0.005831842616403595,0.0036287684368778344,0.11182731339437997,0.7072466997003033
circ22416,0.026815409379764163,0.029819252310132598,0.37111309402340276,0.8452411764392322
circ22417,-0.011074189066332738,0.005059438622621865,0.03141920255298244,0.6363029290535749
circ22419,0.10584547179314356,0.0773057952031836,0.17463701637337975,0.7681130180737865
circ22431,0.04559395178122968,0.01573749732126918,0.0048138745819213844,0.570596263638896
circ22457,-0.0024714705092757808,0.006842099024177438,0.7188563711407223,0.9436811673448331
circ22472,-0.004926782836074571,0.007665882302815937,0.5221969732650366,0.8906877237700902
circ22492,-0.03876158620445698,0.03477321287561362,0.2681977251689513,0.824369180271871
circ22504,5.652634073674588e-4,0.0024910451826134095,0.8210453397646191,0.9647003984984427
circ22518,6.708488591766349e-4,0.0012772356836222739,0.6008201492277366,0.921784713515297
circ22522,2.894557069481889e-4,0.0015264333767802877,0.85006300598197,0.9693803723731477
circ22526,-0.003383770204679603,0.002793847378289903,0.22927487382447176,0.7904709174484496
circ22537,0.007932793531129446,0.0029562096196281596,0.008793762048816389,0.570596263638896
circ22544,0.01841294580711947,0.012668017834924262,0.14985608857335955,0.7409525795125014
circ22563,0.0048968193102009025,0.002648998046970691,0.06808304241433388,0.6873145234208944
circ22620,0.047163476410934935,0.021350340875421606,0.029928496272388704,0.6363029290535749
circ22633,0.0029953549582081157,0.01521477998838328,0.8444094619594197,0.9693803723731477
circ22653,0.0010870338299423426,0.0012976675983523997,0.40461458951020624,0.8602206496437207
circ22655,0.0021933922371986173,0.0016519668115146575,0.18790216610202318,0.7716480053363823
circ22660,0.0015098041179645724,0.011112441051419678,0.8922561135176414,0.9824580042178235
circ22669,0.002991844738809797,0.003799488846907531,0.43327104645465964,0.870018248671684
circ22696,0.013697515392753098,0.009074842808039782,0.13499560403056365,0.7190720616703391
circ22710,-0.004795231611967453,0.007574931501351232,0.5284481433897086,0.8906877237700902
circ22719,0.04628243372367277,0.03635924072423789,0.20660011867199876,0.7716480053363823
circ2276,0.0324580167368331,0.07085615430207852,0.6480897079039938,0.9366755687768398
circ22792,0.005772723918258864,0.006972461691378904,0.4100833094925074,0.8602206496437207
circ22798,0.002789111923513306,0.008248363258629857,0.7361105558675671,0.9484266428784958
circ22820,0.01072053877403167,0.008655556636247373,0.2189952009912033,0.7716480053363823
circ22864,0.00818440367380744,0.00771201162826444,0.2916527725291833,0.8310535991422966
circ22874,0.004286588710492556,0.025903566015800815,0.8689665722421862,0.9747138270653093
circ22891,0.014346337022583408,0.008768451874750647,0.10559883768246446,0.7072466997003033
circ22924,0.0934250681336661,0.12616726495530384,0.46109491239753475,0.8784154236713472
circ22943,0.01428675699432216,0.014030671310125782,0.3115172453969685,0.8428014471964042
circ22948,0.004025184894817362,0.003634201381590157,0.27124079452596966,0.824369180271871
circ22951,-0.0018393989891458348,0.0033143351215062958,0.5803990381281481,0.9164234645363916
circ22955,0.008957011663009003,0.005202494905718342,0.08885332656376858,0.7072466997003033
circ22961,-0.0014985932586771059,0.002722970922406337,0.583555930680378,0.9164234645363916
circ22965,-0.007575878200252313,0.005862496388537409,0.19985290746696782,0.7716480053363823
circ23056,0.0035675881699757327,0.004047704134153929,0.3806544007746029,0.8458986683880064
circ23092,0.019218832260222148,0.0204856385416141,0.35088359117239354,0.8452411764392322
circ23164,0.013153574435454746,0.05543010666482874,0.8130086733942119,0.9647003984984427
circ23168,0.006095046072932155,0.0035690278950066445,0.09141871556943333,0.7072466997003033
circ23179,0.02430990216052669,0.014966004615056825,0.1080947746283155,0.7072466997003033
circ23201,0.00446747380827275,0.00399022237543802,0.266111542189292,0.824369180271871
circ23261,-8.135832070582574e-4,8.904469331761017e-4,0.3635317718106591,0.8452411764392322
circ23275,0.011329405134911038,0.01657437063116023,0.4961634362599361,0.8840822159864296
circ23364,0.029093766529942007,0.01241872900447869,0.021536936500827778,0.6202204212480197
circ23370,-9.629137530587928e-4,0.0014210983280596632,0.4999198225447202,0.8840822159864296
circ23376,0.003985797239812816,0.006380843601748644,0.5339138664028706,0.8954884468149413
circ23422,0.00317863442158175,0.0083509376481005,0.7044487431140741,0.9380850096745209
circ23433,-9.304344038892525e-4,0.0020638960244801076,0.6532987276816574,0.9366755687768398
circ23448,-9.196158774179203e-5,0.0013836765190468922,0.9471700266816845,0.9924127811991401
circ23450,-0.002907337031222218,0.0024613972420576614,0.24090735857937717,0.8041985928632528
circ2349,0.03810694739506649,0.03252478085114865,0.2446987302699975,0.8041985928632528
circ23504,9.055017596523433e-4,0.0033046361614289007,0.7847580819859109,0.9647003984984427
circ23519,0.016366737590321902,0.023809332860926933,0.4937417496683558,0.8840822159864296
circ23520,0.0011895189710493211,0.01139327686038472,0.917099565144304,0.990207210840241
circ23534,-0.003506673579542356,0.004603965665778493,0.4484195731973669,0.8734218653405886
circ23539,-0.0024370310750356254,0.004066017633467416,0.5505617231336093,0.9051679003536066
circ23546,0.006050046690932082,0.004184933750356686,0.1520342813131789,0.7409525795125014
circ23583,0.011164447568405095,0.0066948985240656,0.09916307490287274,0.7072466997003033
circ23601,-0.01832592797081275,0.013227515675008565,0.169629917406053,0.7586823310144142
circ23609,0.0183175081548295,0.012267529994222834,0.13918444166575974,0.723213275322085
circ23639,-0.03912854047832931,0.03382872868788621,0.25072709586231084,0.8152476123130352
circ23683,-0.0010198376837073102,0.004528943836318939,0.8223910115991167,0.9647003984984427
circ23685,-0.02879132305742346,0.018648082334467207,0.12640981434898746,0.7117141091694561
circ23697,-0.004062565012290291,0.012137181656818543,0.7386802487343405,0.9484266428784958
circ23699,0.04115481655022034,0.01798322798973254,0.024649554900726255,0.6202204212480197
circ23708,-9.905006223567968e-4,0.005734940184058913,0.8632972372832561,0.9693803723731477
circ23709,-9.905006223567968e-4,0.005734940184058913,0.8632972372832561,0.9693803723731477
circ23716,0.008249549217318498,0.005141283254323037,0.11238702154823116,0.7072466997003033
circ23717,0.008249549217318498,0.005141283254323037,0.11238702154823116,0.7072466997003033
circ23720,0.0013243029757542748,0.0043580723079011605,0.7619846992561212,0.9547326019048328
circ23721,0.0013243029757542748,0.0043580723079011605,0.7619846992561212,0.9547326019048328
circ23736,0.016271260354724527,0.010637486624867337,0.1299144715895888,0.7117141091694561
circ23768,0.006289853441828579,0.028876619324835207,0.8281053689683698,0.9656674269598152
circ23789,0.009030974563645752,0.007671185089145987,0.24245688380567748,0.8041985928632528
circ2379,-0.02000807269060738,0.02017885035856129,0.32430539192575525,0.844628293467569
circ23809,0.04271146405586768,0.029445978994422334,0.15068718735755143,0.7409525795125014
circ23832,0.021570574343962062,0.021134969641757543,0.31040462302783584,0.8428014471964042
circ23844,7.4944912725054064e-6,0.019936963162841367,0.9997009697536443,1
circ23864,7.334080698872945e-4,0.0019017239229154222,0.7007393641887113,0.9366755687768398
circ23880,0.015533686751140169,0.00822369560369688,0.062398647036183495,0.6701053969276493
circ23937,-9.008431571010118e-5,0.011881540459063153,0.9939687934916717,1
circ24028,0.013162620231248787,0.021523963861774825,0.5425179985074065,0.8999516094176069
circ24029,0.007127233497053932,0.009511479068894572,0.4557770677560924,0.8740702607665968
circ24043,0.002324026342576863,0.0020965901499722097,0.27085668839384347,0.824369180271871
circ24081,0.001200507102414073,0.006384020930699328,0.8512974343861365,0.9693803723731477
circ24176,-0.002330970712926648,0.007644472430467125,0.7611885804428954,0.9547326019048328
circ24182,0.013176562635481904,0.018680157223827487,0.4825503052179052,0.8840822159864296
circ24196,0.012398970763831433,0.012490953583215092,0.3237724249096271,0.844628293467569
circ24197,0.021832287550759003,0.02294596891975404,0.34413087797198594,0.8452411764392322
circ24231,0.0049008969128179975,0.016617458822095567,0.7687879428769953,0.9609849285962441
circ24309,-4.3110094751353336e-4,0.002973514885132029,0.8850779458413135,0.9824580042178235
circ24340,-6.610343210291104e-4,0.002366118859107722,0.7806520849365312,0.9647003984984427
circ24341,-0.0012697852261478744,0.005649792595743371,0.822726931693336,0.9647003984984427
circ24342,-0.0043766582350734835,0.0062938442770433395,0.4887551194731371,0.8840822159864296
circ24345,-0.0033746866845727206,0.004272814809014229,0.43189279393494306,0.870018248671684
circ24418,0.0013985221214761262,0.011750940312427216,0.9055521346452369,0.9865213388735367
circ24419,-0.0038626986330902407,0.009051438462253819,0.6706665387045525,0.9366755687768398
circ24445,-0.0019335319513590968,0.002827066403878807,0.4959208005091499,0.8840822159864296
circ24470,0.016159938575602304,0.012262728838282666,0.19119325417938848,0.7716480053363823
circ24483,0.005307428821974976,0.005972062582359735,0.3767275998803532,0.8452411764392322
circ24489,-0.001415489900701466,0.0028376334580033336,0.6192203273556056,0.9296102929182863
circ24542,0.060485270608065585,0.04510796805692206,0.18361117076882294,0.7716480053363823
circ24543,-0.009677786662087361,0.012817707350706557,0.4523666076150784,0.8734218653405886
circ24546,0.0027153741855311182,0.008331922022914221,0.7453201825639499,0.9484266428784958
circ24562,0.013377840770462142,0.005842917440683428,0.02458440369005136,0.6202204212480197
circ24585,-0.0019418587732396577,0.004728269153769133,0.6823572753465584,0.9366755687768398
circ24597,-0.01845156604332063,0.012138144971726501,0.13227860718125078,0.7117141091694561
circ246,-9.271437400512431e-4,0.0013835193714758804,0.5046324527495768,0.8840822159864296
circ2462,-0.0028636719619426756,0.005886106449767218,0.6278851239126106,0.93477279683619
circ24687,0.019272063531066308,0.00912731817569243,0.037739499550891516,0.6363029290535749
circ24688,0.007614481935447994,0.010143196462319298,0.45495716470267233,0.8740702607665968
circ24733,4.884431826625202e-4,0.008257252290344626,0.9529722485651863,0.9924127811991401
circ24759,0.005191183484641827,0.003183848074332403,0.10679048272239652,0.7072466997003033
circ24800,0.0043093678539200065,0.0034839020477428553,0.21959881754317132,0.7716480053363823
circ24826,0.005855564803493566,0.01056012888921078,0.5807295304873175,0.9164234645363916
circ24879,7.082283092494409e-4,9.374716232698076e-4,0.45210777878203645,0.8734218653405886
circ24880,0.0010051196098790883,0.0016924380989378944,0.5542018559712176,0.9051679003536066
circ24890,-0.0021698731641478365,0.003484282890400953,0.5351493754786973,0.8961427140717522
circ24895,0.0034240754896606622,0.0018319722170653675,0.06514084513512741,0.6836563944874758
circ24900,0.016326934274849714,0.03482965385992859,0.6404662713532773,0.9366755687768398
circ24915,0.016505632140920445,0.010540246348855087,0.12116224578068563,0.7072466997003033
circ24994,0.014657161444705264,0.007251316326178597,0.046470368896156,0.6415714176512006
circ25042,0.0014297085121289738,0.0013012321318435327,0.27506090036058334,0.824369180271871
circ25062,8.513267491791358e-4,0.006692157562960992,0.8990798282157846,0.9827708852694653
circ25072,8.375033891919375e-4,0.0061813682682425874,0.8925538283601547,0.9824580042178235
circ25162,-0.008800779720644933,0.013043625235831044,0.5017295474140997,0.8840822159864296
circ25195,0.0014290237305309968,0.002752920412269999,0.6050767861267787,0.9225982985797554
circ252,0.008769797582620453,0.003932906662139538,0.02845751165152575,0.6363029290535749
circ2521,-0.004997364901476201,0.005796885341938516,0.3911287355947437,0.8556040464547053
circ2524,0.006129781973498753,0.005469890592058208,0.265672909875671,0.824369180271871
circ25278,2.3000159747815392e-5,0.009053026172980386,0.9979789894488378,1
circ25287,0.005838796359020361,0.0030769791752689474,0.06122912138832223,0.6691017388826965
circ25314,0.15421498465517255,0.06595074405485364,0.021775712203381824,0.6202204212480197
circ25329,0.01201785300527875,0.00997278789062789,0.23160303668217497,0.7926411202732966
circ25333,0.0015931894567937698,0.009035645552152156,0.8604699397677695,0.9693803723731477
circ25367,0.008866952171925709,0.015305317660483103,0.5639302515576813,0.9095684976701147
circ25406,0.011562420685109974,0.022724377523470108,0.6122343880741178,0.9274860157866168
circ2541,-0.0033303152240659393,0.01323088315574993,0.8018891932770846,0.9647003984984427
circ25472,-9.613046245679875e-4,0.005300942305406238,0.8565381320101079,0.9693803723731477
circ25473,0.00374696536865156,0.0018826575504307668,0.04985459941273706,0.6464290576765277
circ25503,0.07440071627243099,0.023239585019127727,0.0019386077472580818,0.5539851768516652
circ25513,0.0025844698942770463,0.0026288544016311996,0.32840728247315054,0.8452411764392322
circ25601,0.003506518121247373,0.005516445161854326,0.5267545376015317,0.8906877237700902
circ25624,0.00841560842125304,0.006398145607669941,0.19202449369452104,0.7716480053363823
circ25626,0.004689942491247643,0.00425459465846083,0.27350690167166525,0.824369180271871
circ25655,-0.003547477546954973,0.0037379012816569014,0.34534737002542026,0.8452411764392322
circ25661,0.01016242306793379,0.023754584103317815,0.6698982173952526,0.9366755687768398
circ25710,-0.1394281782569963,0.07084630207654964,0.05240258239350828,0.6578079735136376
circ2576,0.08465605695730631,0.06869555300422156,0.2213028241719436,0.7716480053363823
circ25828,0.021097754077112896,0.010551308182008778,0.048821346389213004,0.6464290576765277
circ25830,0.003631522581432777,0.0033721853524405834,0.28464295631447706,0.8280663533800986
circ25889,0.0016272704198061854,0.011486558483263309,0.8876860546163342,0.9824580042178235
circ25906,0.0066993567007423895,0.004255519734400149,0.11922827157945144,0.7072466997003033
circ25911,0.001132701282848966,0.0062266848278937,0.8560962616898541,0.9693803723731477
circ25924,0.0019421084484801546,0.0019084856525594068,0.31181690942620155,0.8428014471964042
circ25970,0.01537482843622719,0.013468148672070347,0.2569158194979008,0.8214552369314886
circ26004,0.0029788045230305523,0.003277970406828224,0.3661214911920755,0.8452411764392322
circ26019,-0.010543682203533465,0.009015444891434259,0.24554448590308214,0.8041985928632528
circ26031,-0.009511712155521448,0.022647002385761197,0.6755716449684843,0.9366755687768398
circ26107,0.0034156444045409066,0.00868382703294393,0.6950813447449766,0.9366755687768398
circ26143,0.012448186854144817,0.006915857579301815,0.0755022487004773,0.7072466997003033
circ26146,0.0046114954262526,0.011205635471297848,0.6817420769078801,0.9366755687768398
circ26163,0.006078196591699498,0.006988483396969555,0.3869482555244709,0.8545107309498733
circ26170,0.029840986704321164,0.01751289019199014,0.09213284642175022,0.7072466997003033
circ26199,0.0025775170948629978,0.007259448804571468,0.7234476446955558,0.9444020977552823
circ26292,0.007902587202427931,0.0049852761937720725,0.11672708844246599,0.7072466997003033
circ26295,0.003991801865401961,0.010672285869234459,0.7093325413989502,0.939925756426143
circ26326,0.005749954244410484,0.00849351004157947,0.5002998028584547,0.8840822159864296
circ26331,0.03655965363893629,0.02210940707423318,0.1019906344907281,0.7072466997003033
circ26415,0.006620344755225887,0.003350148154512886,0.051461310838623785,0.6572167408306171
circ26422,0.00751574684588112,0.006033341409683664,0.2163787438699941,0.7716480053363823
circ26431,0.01168611364840068,0.01109219216610372,0.2951490716646292,0.8365187592633876
circ26442,0,Inf,1,1
circ26448,-4.4364027878133697e-4,0.006206167032670911,0.9431847009030808,0.9924127811991401
circ2645,0.0037757323804448956,0.0041021858823368,0.36002097359869745,0.8452411764392322
circ26468,0.0020270120183234733,0.005162510870377295,0.6955914112624321,0.9366755687768398
circ26527,-1.875848674556181e-4,0.008697992319934903,0.9828455543736603,1
circ26539,0.016269055686642903,0.010708938310843068,0.13251153817004452,0.7117141091694561
circ26564,0.00123537601981056,0.0033751851018926963,0.7152834631956758,0.9425238539088585
circ26602,-0.005494866103116451,0.008703915357296903,0.5295728496787546,0.8910273343801268
circ26647,0.0014657671637401844,0.005945696370855825,0.8058839760660594,0.9647003984984427
circ26660,-0.004131831658201522,0.016644678597694362,0.8045638798234952,0.9647003984984427
circ26713,0.011004239377762431,0.018826699318950195,0.5604682093503782,0.9095684976701147
circ26714,0.03538961054946333,0.016001766447795426,0.029742738569409174,0.6363029290535749
circ26740,-0.0010101085678533418,0.0067937640542791436,0.882165427068989,0.9822430175347987
circ26758,-0.007615812299236697,0.013082575188515577,0.5620543580699827,0.9095684976701147
circ26764,0.010149001434313038,0.010976645859958471,0.3578546398544832,0.8452411764392322
circ26779,-0.0010164785652852896,0.0015122678628024043,0.5033517686649743,0.8840822159864296
circ26782,0.006550283028717516,0.003403558474018614,0.05771334107242292,0.6578079735136376
circ26784,-2.0792343052860595e-4,8.729151727337656e-4,0.8123174546003633,0.9647003984984427
circ26822,0.001359478608323178,8.805719772339506e-4,0.1264269719802928,0.7117141091694561
circ26824,2.8047382426389536e-4,6.734028907979019e-4,0.6781176420819892,0.9366755687768398
circ26830,8.615277600785581e-4,4.215138382874665e-4,0.044135314080325644,0.6363029290535749
circ26833,5.016240261822222e-4,9.080507819555552e-4,0.5821462822290746,0.9164234645363916
circ26857,0.009364027718388592,0.007508966050748451,0.21588807119913264,0.7716480053363823
circ26859,2.9363293431670305e-4,0.007365630868666078,0.9682962681388029,0.9984377862131624
circ26865,0.0046059762934376166,0.0019115922269862468,0.01818628069924592,0.6202204212480197
circ26871,0.0033114833404479993,0.003003046456138992,0.27334110287931207,0.824369180271871
circ26874,-9.705625686315446e-5,0.002103205057463637,0.9633040678814809,0.9984377862131624
circ26894,0.011194667407572054,0.004762284100622832,0.021110602417607382,0.6202204212480197
circ26916,0.01310343466612552,0.017740814276098738,0.4622310413207513,0.8784154236713472
circ26946,-0.006275850417772671,0.009281866427509633,0.500830886469996,0.8840822159864296
circ26970,-0.001476311538445974,0.024316823567205673,0.9517349000007359,0.9924127811991401
circ26976,7.075079612877327e-4,0.003593022159742539,0.8443780529396154,0.9693803723731477
circ27,0.009620697012953903,0.007758921210973112,0.21848696802129508,0.7716480053363823
circ27009,-3.8504973847586595e-4,0.0017254406595601038,0.8239591078133932,0.9647003984984427
circ27024,0.005079458858047752,0.03251395233228676,0.8762358355524151,0.980791959541246
circ27051,3.46934595161387e-4,0.001559930097992621,0.8245458123014991,0.9647003984984427
circ27057,0.007479628015292649,0.020189106265460045,0.711969855396518,0.9410075395515076
circ27060,0.007200516205065484,0.004479980758706996,0.11179404030939398,0.7072466997003033
circ27163,0.01888901244521533,0.019032205515811997,0.3238498527054724,0.844628293467569
circ27173,1.0325532943151237e-16,4.21407067133758e-17,0.016377175070401567,0.6202204212480197
circ27181,0.11977101276855077,0.04389541150393003,0.007763192795088275,0.570596263638896
circ27243,0.003664364414763327,0.007825796760972269,0.640839076089702,0.9366755687768398
circ27269,0.0031585177036608683,0.004725918728883799,0.5057713927086056,0.8840822159864296
circ27329,-0.023068844860205325,0.012221769248751197,0.06258531537343139,0.6701053969276493
circ27374,0.0023354964425859937,0.010934015585153287,0.8313834840455938,0.9671201656587264
circ27446,-0.011698510431291881,0.01320634887705885,0.3782712645426892,0.8452411764392322
circ27456,0.006568985292859778,0.005324319968998147,0.2207709860132151,0.7716480053363823
circ2748,0.03080575646451252,0.014141976025890828,0.03221881363909911,0.6363029290535749
circ27538,-0.0015548014989934856,0.012136267741587908,0.898370245173029,0.9827708852694653
circ27540,0.02588261150073704,0.014251892443199127,0.0729683936713404,0.7045474145497497
circ27587,-0.008262486972518534,0.006626793636538319,0.2159668520536542,0.7716480053363823
circ27599,0.04822496414266412,0.028657513200767766,0.09617144686213892,0.7072466997003033
circ2811,0.0029786932850456443,0.0032685924655185394,0.36477247575599836,0.8452411764392322
circ2839,0.009271883394304957,0.019631137149529115,0.6379486092293799,0.9366755687768398
circ2849,1.3472613609711177e-4,0.0016618650937401766,0.9355820580038571,0.9924127811991401
circ2886,0.030627117669875754,0.029324228985413266,0.2993186443284957,0.8384640860257122
circ2918,0.011714972369367645,0.004441558939046416,0.009967130897613967,0.570596263638896
circ2995,0.0070720079511512384,0.0037147479865397934,0.06040634947839013,0.6691017388826965
circ3006,0.011027685115905834,0.006900669238456133,0.11382984304455332,0.7072466997003033
circ3014,0.00907727693610218,0.011740354951955651,0.4416188406790752,0.8734218653405886
circ3032,-0.0043090042994991876,0.018490459353331812,0.8163046037424387,0.9647003984984427
circ3033,0.003692997919873855,0.0062806340513253305,0.55813039914269,0.9093397322620511
circ305,0.041552683575684465,0.11524053063653339,0.7193343237873822,0.9436811673448331
circ3059,0.0012414159726834855,0.0216921916176874,0.9545005641006366,0.9929053954334394
circ31,0.0022223707723549135,0.002576091424665391,0.3907932723690568,0.8556040464547053
circ3113,0.018635706232581886,0.013487319674694595,0.17076542415510876,0.7605518890941819
circ3114,0.011104836706087265,0.0059111341224090345,0.06380562263520553,0.6763395999331786
circ3118,0.0014529799485734983,0.007996725157964372,0.8562636241379925,0.9693803723731477
circ3202,0.001510395149630971,0.0033040110698014475,0.6487647913151764,0.9366755687768398
circ3225,0.01720522876766508,0.007545474617330053,0.025159885012891365,0.6202204212480197
circ3232,-7.537008844952919e-5,0.0012317204678415604,0.9513542808511382,0.9924127811991401
circ3252,0.003245419647376104,0.021021613864815315,0.8776810510792308,0.9808196101814681
circ3279,-0.014849479043675031,0.012717383583172264,0.2462905211976291,0.8041985928632528
circ3390,0.013290953143037446,0.013780096531622441,0.33759529308903213,0.8452411764392322
circ3423,0.006173515393760508,0.0048914145320000085,0.21044331775727523,0.7716480053363823
circ3432,0.004177161978983762,0.005141347879269402,0.41884945987443867,0.8688462377043151
circ3470,0.02510036482055335,0.028775596370290365,0.38557226980828285,0.8532496993669725
circ3518,-0.0017681411318350216,0.0022021084970693557,0.42430793245753895,0.870018248671684
circ3521,0.0031732835300931806,0.004511742178504934,0.4838129221050689,0.8840822159864296
circ3564,0.012012934295392685,0.014373018110657753,0.40566841136967025,0.8602206496437207
circ3570,-0.0010104179333191858,0.01008215081263188,0.9204125465289327,0.990207210840241
circ3572,-4.343924291927249e-4,0.010857399764264917,0.9681821265464874,0.9984377862131624
circ3594,0.004282883257442433,0.005122098790094687,0.4054668959416029,0.8602206496437207
circ3602,-0.008310585159252142,0.013981371528622015,0.553858674349244,0.9051679003536066
circ3634,0.003520969923449661,0.010023098389459053,0.7262642764199025,0.9445811148152635
circ364,-0.007896584767198303,0.008620706286579884,0.36231957539585724,0.8452411764392322
circ3650,0.004941649790473731,0.007050331002188171,0.48531937412368087,0.8840822159864296
circ3674,0.008616304541324256,0.02035774141335656,0.6732114832566274,0.9366755687768398
circ371,7.590689381833586e-4,0.0032246765880510147,0.8144829051000259,0.9647003984984427
circ3735,0.014953590102974082,0.022061102505099156,0.49976722083930347,0.8840822159864296
circ3752,-0.0015230785673848416,0.00357278465396367,0.6709927432026848,0.9366755687768398
circ3755,0.0037857585198473593,0.0019660761804176363,0.057586250121835734,0.6578079735136376
circ3756,-6.465310546496014e-4,0.0028530219025679777,0.8212820790569743,0.9647003984984427
circ3784,0.0011190661697563615,0.010621191318523378,0.9163430647946598,0.990207210840241
circ3807,-0.007339922854585474,0.03203975761060308,0.8193640981217912,0.9647003984984427
circ3852,-3.9077934225681556e-4,0.0018372968950541898,0.8320882934724136,0.9671201656587264
circ3882,0.004086172189784497,0.010565567598866543,0.6999353475949832,0.9366755687768398
circ3896,-0.0029380527680862626,0.004495788616375031,0.5152325147939946,0.8906877237700902
circ3911,-0.009802187305303535,0.02563395246907944,0.7031489407771472,0.9375319210361962
circ3973,0.020131854519936758,0.012938805079522308,0.12353014391956767,0.7117141091694561
circ4043,0.012986042669929521,0.012210393227798754,0.2906289595510661,0.8303684558601889
circ4063,0.0038796125064381086,0.005996679444837479,0.5194429725620973,0.8906877237700902
circ4128,-3.646853122828817e-5,0.0017194402796067013,0.9831294127101565,1
circ413,-0.023761644762130864,0.021119441515771633,0.2637864936833205,0.824369180271871
circ4131,-0.003411074534256956,0.008093078086835676,0.6744938156130037,0.9366755687768398
circ4133,0.011511670240625197,0.014848382395304097,0.4403768576498974,0.8734218653405886
circ4147,0.00793362426042146,0.006556291921772888,0.2296840024284174,0.7904709174484496
circ4150,-5.984688073793318e-4,0.003144635833003127,0.8495276447487753,0.9693803723731477
circ4155,0.006513943220151299,0.003849641710570613,0.09437982974754121,0.7072466997003033
circ4163,0.02000631279802588,0.006864938896933333,0.00458101333733404,0.570596263638896
circ4193,0.0022331869631184464,0.008075830253535437,0.782830586304466,0.9647003984984427
circ4214,-0.008905112862002556,0.02362013686537854,0.7071257071090926,0.9392897863855115
circ4215,-0.03562027403002471,0.021960878712266565,0.10859874532497585,0.7072466997003033
circ4220,0.04572625731873325,0.03400967990481025,0.1824474596881,0.7716480053363823
circ432,0.004734533956627793,0.005519332989416146,0.39346817310059523,0.8556040464547053
circ4370,0.004799362463224625,0.005805029972732989,0.41074400060968064,0.8602206496437207
circ4372,-2.8184230550370315e-4,0.0018320757261089198,0.8781111415681258,0.9808196101814681
circ4449,-0.021838217769922338,0.010564987072725511,0.04184690100840071,0.6363029290535749
circ4535,0.0023424860960675918,0.0033267823519147746,0.4833229294917326,0.8840822159864296
circ4548,0.02717138862516519,0.009815533055184896,0.00694986184848395,0.570596263638896
circ4564,0.007808645718246087,0.010044377328083387,0.43912443495566345,0.8733056304934395
circ4572,0.004812302547483076,0.0049003454684687165,0.3289373693233961,0.8452411764392322
circ4632,0.004438553680217979,0.00829428370208059,0.5939880340820021,0.9205077721153834
circ4638,0.003853311993124528,0.00396079506418077,0.3334480329350864,0.8452411764392322
circ4648,0.056873429942899754,0.03793922148711888,0.13765033378711888,0.7223235337343863
circ4667,0.019389077251184154,0.02059519154694583,0.3492129606430886,0.8452411764392322
circ4669,-0.010672995224269148,0.013553272349659404,0.43324121615914,0.870018248671684
circ4711,0.0016735698148626034,0.005222686591477169,0.7494384020689691,0.9491095653442142
circ4735,-0.03644585030992637,0.017460478638252053,0.03992513657949776,0.6363029290535749
circ4792,0.004227944432659121,0.003083186515502682,0.17398055697236334,0.7681130180737865
circ4794,0.006810323322932082,0.0044593866275284815,0.1305161731157838,0.7117141091694561
circ4813,0.0019457036048704567,0.0028906811322230584,0.5027565883525775,0.8840822159864296
circ4814,5.39581901613556e-4,0.0017906047941513873,0.763908457569076,0.9560129457180879
circ4818,1.1923011523223202e-4,0.0025162813023150714,0.9623214391624242,0.9984377862131624
circ500,-0.00813719284825996,0.015363725771664885,0.5977777264816417,0.9209947530095062
circ5016,0.014373851551353333,0.010079325076851118,0.15759777061706898,0.7513038554751993
circ5067,0.014216795166700482,0.006202018896642471,0.02442071321835427,0.6202204212480197
circ5091,-4.6645884032832797e-4,0.0017996071957074406,0.7961224367202978,0.9647003984984427
circ5099,-0.019844221703961492,0.011693906145513916,0.09344931710871855,0.7072466997003033
circ5108,0.003615863716606608,0.00885695266394757,0.6841403824409882,0.9366755687768398
circ5148,0.021435940629035644,0.01734139766726225,0.21990309135304156,0.7716480053363823
circ5152,0.017811255122136008,0.02550577368910149,0.486927499852289,0.8840822159864296
circ5165,0.03918086929630392,0.0165311839046144,0.02010141973635181,0.6202204212480197
circ5170,0.011174519547129056,0.008786506420984191,0.20700263551348239,0.7716480053363823
circ5172,0.022477298237838957,0.025244886105414473,0.37584066871843813,0.8452411764392322
circ5178,0.002004978542752764,0.0013212466230406047,0.13294282416561537,0.7117141091694561
circ5183,-4.7024270807245866e-5,5.894525687849215e-4,0.936607309531022,0.9924127811991401
circ5184,-3.3151732304658585e-5,0.0017149315892910101,0.98462326854675,1
circ5191,9.068793356867509e-4,7.739472163571095e-4,0.2446465977651692,0.8041985928632528
circ5193,0.0041908418551752135,0.0020078776661137145,0.03993758642317021,0.6363029290535749
circ5198,2.774332441617719e-4,5.038273054660716e-4,0.5833517134251082,0.9164234645363916
circ52,0.006189138477456627,0.009665871382830333,0.5237358972314897,0.8906877237700902
circ5224,0.00581095898410453,0.0046485719341143395,0.2147934704210612,0.7716480053363823
circ5227,0.0012606516874162689,0.002301318728004744,0.5853026254207063,0.9164234645363916
circ5263,0.003238822745837489,0.006100178152784985,0.5968789192381255,0.9209947530095062
circ5270,0.00931782380218924,0.007059518942975303,0.19049890607741238,0.7716480053363823
circ529,-0.0050515444641781645,0.005917166432361768,0.39572283017326304,0.8556040464547053
circ5309,0.002467866408436965,0.0022873121717734896,0.2837412048624183,0.8280663533800986
circ531,0.009288106464560505,0.008109531799332239,0.2553634012007633,0.8214552369314886
circ5355,0.034463002683271744,0.020813378816357985,0.10153656259841452,0.7072466997003033
circ538,0.01987520540508067,0.015373687730517898,0.19966512520370583,0.7716480053363823
circ5382,0.0031363153991975632,0.0069071611520339785,0.6509656091576406,0.9366755687768398
circ5464,-0.01764944074001934,0.03833525375570313,0.6464351399402077,0.9366755687768398
circ5473,0.041145847247655014,0.01958066811009813,0.03864295379708242,0.6363029290535749
circ5511,0.039315879969887134,0.023366292373161787,0.09621304383888941,0.7072466997003033
circ5522,-0.007451163481999939,0.003604614716383109,0.04183907604226118,0.6363029290535749
circ5531,0.016707121810180334,0.013136560452914687,0.2069950320875432,0.7716480053363823
circ5542,0.005737355409042042,0.005765572639731056,0.32257703686568395,0.844628293467569
circ5580,0.0030731086747118044,0.0052321889329447245,0.5585653637129245,0.9093397322620511
circ5616,2.334512386036396e-5,6.874988436197194e-4,0.9729932870472319,0.999392329719056
circ5625,0.007451547959423942,0.009403774235554163,0.4303867121105769,0.870018248671684
circ5670,0.0013090563741466488,0.02084181677117267,0.9500695078887398,0.9924127811991401
circ5755,8.434238037349077e-4,0.002122534770212782,0.6921174112411629,0.9366755687768398
circ5806,-0.019041555627563066,0.017590934304226983,0.28218113909326187,0.8269532492121572
circ5840,0.02954791310200652,0.03924982493762832,0.453690165497991,0.8740702607665968
circ5848,8.347403731536006e-4,0.003701354735744603,0.8221268639238063,0.9647003984984427
circ5850,-0.0014831262000313168,0.0024917712142127923,0.5533227546623279,0.9051679003536066
circ5872,0.019157833352940083,0.0072897007900836934,0.01022766887654625,0.570596263638896
circ5873,9.974704282438933e-4,0.003613882841778149,0.7832258973799313,0.9647003984984427
circ5885,0.0017714913402393487,0.00922582966212739,0.8481999932996068,0.9693803723731477
circ5918,-0.015041073372445127,0.016996201172567837,0.37873112478835724,0.8452411764392322
circ5946,0.0020676077972036776,0.004908712828375726,0.6746892059369627,0.9366755687768398
circ595,-0.002622850469532136,0.004674244546711056,0.5762219826755975,0.9164234645363916
circ5960,-0.0015929022351780424,0.005699976528297565,0.7805888146234808,0.9647003984984427
circ5962,-0.0025757827116247856,0.0115171931341419,0.8235817461512763,0.9647003984984427
circ5967,0.0027059962363169448,0.003665142717489235,0.46241113812133183,0.8784154236713472
circ5969,-0.014580584254882742,0.022869299909171165,0.5255141048160769,0.8906877237700902
circ598,-4.890718216880776e-4,0.002534200030510751,0.8474393242581981,0.9693803723731477
circ5999,0.010488908406246828,0.004536667963340962,0.023253791026248145,0.6202204212480197
circ6009,0.04600058878720589,0.019056468604898708,0.017982170389421792,0.6202204212480197
circ6066,0.003358510270684067,0.002124597942460811,0.11773314480507621,0.7072466997003033
circ6168,0.010837798960429744,0.006614511076321244,0.10510543815530263,0.7072466997003033
circ6185,0.02634185036767133,0.01988337026227957,0.18886741391517572,0.7716480053363823
circ619,0.002775926364134376,0.001989080386283395,0.1665626472044074,0.7513038554751993
circ6206,-0.0024402817030054684,0.020171937944837466,0.9040039479857924,0.9858479268157819
circ6224,-0.004385881727492761,0.006569953371485787,0.5062621746261913,0.8840822159864296
circ6272,0.047277423707548984,0.015177750050030652,0.0025260443830315386,0.5539851768516652
circ6288,-0.010592490627293755,0.015151891362565839,0.4864520960977742,0.8840822159864296
circ6365,0.011065816787694253,0.007845790277067097,0.16215410724162282,0.7513038554751993
circ6415,0.0011938536268605794,0.007899392818063443,0.8802380498380654,0.9811275844672442
circ6457,6.951302119347e-4,0.0028702320795498167,0.8092334068655875,0.9647003984984427
circ6458,7.415398001744769e-4,0.0017013585677999054,0.6640759125751213,0.9366755687768398
circ6459,7.415398001744769e-4,0.0017013585677999054,0.6640759125751213,0.9366755687768398
circ6466,0.026048889651202528,0.02496226785213378,0.2997325060801105,0.8384640860257122
circ6481,0.010201589720239658,0.00834471488308785,0.22497085107784964,0.781865908664002
circ6490,-0.005142244753297396,0.005385095519136161,0.34239959328759373,0.8452411764392322
circ6515,0.009044150139760619,0.015138953690101738,0.5518606014816584,0.9051679003536066
circ6540,-0.015557809554839154,0.021799329677938243,0.4774253325280837,0.8840822159864296
circ6542,0.0022866099248657784,0.0065312729900538795,0.7271492355559009,0.9445811148152635
circ6580,0.013349785616506071,0.01878898794354623,0.4793789294916976,0.8840822159864296
circ6593,0.005236007724387294,0.012036072731640656,0.6646724342426853,0.9366755687768398
circ6625,0.0026756534185900594,0.009963779979935588,0.7889515677988613,0.9647003984984427
circ6669,5.426700680430896e-4,0.0016399425440720484,0.7415479403596652,0.9484266428784958
circ6672,0.007587141546197296,0.007470994649629718,0.312796700756146,0.8428014471964042
circ6685,0.002037520065295336,0.005111758044850996,0.691215378972697,0.9366755687768398
circ6739,0.004837682285109576,0.012100624575285712,0.6903397906775345,0.9366755687768398
circ6787,0.012517083499887454,0.0099095785928551,0.2100793746065052,0.7716480053363823
circ6799,0.04164855743163476,0.026599397004746173,0.12120719325246875,0.7072466997003033
circ6877,7.183069822383851e-4,5.11781269362165e-4,0.16418533070560318,0.7513038554751993
circ6879,0.005705102417798145,0.0029302973506795307,0.05492454848239708,0.6578079735136376
circ6930,0.007247548839342673,0.012099280622675809,0.5507999551529452,0.9051679003536066
circ6937,-0.01547493592264158,0.02270318111531729,0.4973770096818827,0.8840822159864296
circ6960,0.015883398898122715,0.009639265068573925,0.10317839946633293,0.7072466997003033
circ6967,0.0011897776075434382,0.004910042267228816,0.8091337281825304,0.9647003984984427
circ6974,6.184573431318831e-4,0.0034605612822602642,0.8585962960288019,0.9693803723731477
circ7077,-6.982261858350519e-4,0.0012617601099630283,0.5814944154983543,0.9164234645363916
circ7097,0.04816027774975456,0.028578506198302937,0.09570800333135408,0.7072466997003033
circ7163,0.007195280357646361,0.011103629092517534,0.5187660726607715,0.8906877237700902
circ7177,0.00889212216729114,0.003346586407362141,0.009452008871190796,0.570596263638896
circ7179,0.007602594606192258,0.003193774219982685,0.019582753993462758,0.6202204212480197
circ719,-0.003122806074264989,0.012262342888674888,0.7996107290590974,0.9647003984984427
circ7211,0.012411357761048387,0.008629916116717574,0.15414344743082362,0.7460824396195116
circ7234,-0.003808005280418342,0.0042590307314900365,0.37385300023641566,0.8452411764392322
circ7245,2.2707811542593107e-4,0.008354733837865277,0.9783817503793799,1
circ7270,0.004663758703149191,0.007608352615102197,0.5415663965019919,0.899781160332463
circ728,0.009276045859379602,0.009768412592602055,0.34507441858036114,0.8452411764392322
circ7323,0.04375149276540652,0.025768390835209563,0.09327791882049954,0.7072466997003033
circ7326,0.0038026656754042666,0.00390133655490787,0.3325371548000273,0.8452411764392322
circ7344,-0.008539312595927327,0.007417657721427172,0.2529497208264919,0.8174594636465898
circ7362,0.005323259909457704,0.004888077207951302,0.2792928496633221,0.8269532492121572
circ7384,-0.014828102260660676,0.025640286420681523,0.5646189353461656,0.9095684976701147
circ7436,-0.0025518063123932963,0.0019845453712774275,0.20207496567961722,0.7716480053363823
circ7440,-0.009222651745123586,0.014342279153762677,0.5219710534656129,0.8906877237700902
circ7443,0.046697441084665524,0.01964830465271155,0.019771118604520622,0.6202204212480197
circ7480,0.006906069428056571,0.016259539165265072,0.6721255827313193,0.9366755687768398
circ7509,0.003500055719697813,0.014431821774686136,0.8089728511804254,0.9647003984984427
circ7555,0.009185994033320368,0.006456674388216027,0.15856704093003887,0.7513038554751993
circ7580,-0.008728508865382666,0.006726049844604482,0.1979796558993064,0.7716480053363823
circ7626,0.0032154319235280127,0.014241578538395477,0.8219292948981934,0.9647003984984427
circ7706,0.005536612195050207,0.02137119531187397,0.7962235171465188,0.9647003984984427
circ7733,0.024765488823597834,0.1358242178648161,0.8557645552639132,0.9693803723731477
circ7761,-0.00834854963638128,0.017732447012570294,0.6390139816550577,0.9366755687768398
circ7811,0.0365180479545455,0.022818734655045664,0.11331982598565347,0.7072466997003033
circ7852,0.01883115105852689,0.007304708886796847,0.011705116547245938,0.614730990819712
circ7884,0.002932929823782684,0.005378125584959636,0.5869793412645872,0.9164234645363916
circ7886,-0.005129722384006496,0.010134768592555615,0.6140924978860547,0.9274860157866168
circ7894,0.029291715406399084,0.021366386930919388,0.17409403980167731,0.7681130180737865
circ7920,0.0026737945380846807,0.005902917867585085,0.6517583461114894,0.9366755687768398
circ7939,-0.008452325873726336,0.01791543283727816,0.6383144731248145,0.9366755687768398
circ794,0.018800999886069404,0.014850973520780764,0.20906296229092888,0.7716480053363823
circ7964,0.005626536256186379,0.004815817871402695,0.2460126126693492,0.8041985928632528
circ7972,0.0017839258926964116,0.0011878350862633306,0.13693616852598733,0.7221509384952567
circ7993,0.002502194150971027,0.004372141098360034,0.5686629382585291,0.9105479071813306
circ8032,-0.012031571349019969,0.01834045727694332,0.5136304919956997,0.8906877237700902
circ8043,0.026511219439035952,0.009356704088259225,0.005780329599196729,0.570596263638896
circ8047,0.01692609865796223,0.015510077352546026,0.2783001010267008,0.8263385594975328
circ8058,0.0624923947531703,0.03556890343062627,0.08261602994829097,0.7072466997003033
circ8101,0.007433923007098402,0.00786378573817281,0.3472310808038692,0.8452411764392322
circ8123,0.01807032976005837,0.023904481521451533,0.4518259075023343,0.8734218653405886
circ8126,0.004824710584572484,0.004842459334001342,0.32198337748114403,0.844628293467569
circ8137,0.038970366848081466,0.03278076226218155,0.2379014002380471,0.8041985928632528
circ8154,0.02582251751080451,0.011597233990182233,0.028682224544622784,0.6363029290535749
circ8173,0.001777450855331693,0.008561754624550794,0.8360470465071274,0.9693803723731477
circ818,0.002321719952338432,0.0037513359615713904,0.5376740437277443,0.8983591256270167
circ8201,0.007565902845567768,0.0038632157403901924,0.053536345388928173,0.6578079735136376
circ8229,-0.007879992858977993,0.005009871033331081,0.11954793755057264,0.7072466997003033
circ8232,7.253148205270106e-4,0.011289806988195315,0.9489295426341087,0.9924127811991401
circ8243,0.009906622613650454,0.006850840600755388,0.15193029459979257,0.7409525795125014
circ8267,-7.764476179726819e-4,0.010231779802585848,0.9396925065353383,0.9924127811991401
circ8332,-5.598988280162357e-5,0.0025803294532062916,0.9827403539058495,1
circ835,0.02318749631405537,0.016330757833759275,0.15939176140486688,0.7513038554751993
circ8381,0.003844148429132889,0.008481412225070064,0.6515558361624227,0.9366755687768398
circ840,-0.002525105767116926,0.004533137661317163,0.5790041313401861,0.9164234645363916
circ8434,-0.015830180741217188,0.02501164169148009,0.5285307341994214,0.8906877237700902
circ8468,0.0036967844238858746,0.004002118641925336,0.35831658028810476,0.8452411764392322
circ8473,2.8642172055996307e-4,4.1687832035997247e-4,0.4939582291776603,0.8840822159864296
circ8478,0.0034038772605346607,0.001482122597125904,0.024159973373161968,0.6202204212480197
circ8487,0.013259748596809524,0.007465974509621265,0.07939386856630565,0.7072466997003033
circ8516,0.0028966557794797196,0.003795287360742997,0.44749353264481684,0.8734218653405886
circ857,-5.848495443741456e-4,0.0016402545386003874,0.7223258879268839,0.9441004207182453
circ8571,0.007820366064416391,0.005557126166107611,0.16308179352878724,0.7513038554751993
circ8578,-6.792924997194515e-4,0.015512666686135431,0.9651773444126089,0.9984377862131624
circ8598,0.01448750585294457,0.0179785736454751,0.4226489576454334,0.870018248671684
circ8602,0.0017922982285384344,0.0025408669895676155,0.4825435292323069,0.8840822159864296
circ8638,-0.009810147500883711,0.012353511529066438,0.42939131683952847,0.870018248671684
circ8642,-8.782541230828221e-6,0.0025758093989022837,0.9972877007782445,1
circ8675,0.05952396540584026,0.029247187240927966,0.045021433659451056,0.6363029290535749
circ8694,0.0018509639698808427,0.005466564076950737,0.7357681695515568,0.9484266428784958
circ8728,-0.00985989111355884,0.010784006307632819,0.36320411889546045,0.8452411764392322
circ8758,0.00996606188939476,0.007705869434672104,0.19949257271976115,0.7716480053363823
circ876,-1.7171647830484352e-4,0.002020769330040947,0.9324852727375518,0.9924127811991401
circ8821,0.001333985717695756,0.00685889272732559,0.8462675189018557,0.9693803723731477
circ8867,0.0014793153219437773,0.0035912430679533374,0.6814578092476782,0.9366755687768398
circ8873,1.3283942930295649e-5,0.004269226770047581,0.9975248071311658,1
circ8911,-1.4969809595809068e-4,0.0016333431945494215,0.927195899877956,0.9924127811991401
circ8943,2.8325216163559884e-4,0.0035945614379965544,0.9373812162267805,0.9924127811991401
circ8984,0.005343317285074998,0.005215553976156919,0.30857744964817874,0.8428014471964042
circ8988,0.006380542724438919,0.010365267463860812,0.5398629839852921,0.8983591256270167
circ9032,-8.182747172536532e-4,0.005770115963284851,0.887571745773767,0.9824580042178235
circ9035,0.0018031065844328032,0.002689151686967429,0.5043933818390287,0.8840822159864296
circ9042,0.0027480507906053257,0.0021044703279227495,0.19522287912822536,0.7716480053363823
circ9044,0.0016920659532466066,0.004732531609824884,0.7215956904471481,0.9441004207182453
circ9063,0.004540999542340159,0.004144171099712921,0.27635498042144174,0.8251726175964176
circ9079,0.01214359005896376,0.013227996751863421,0.36126745496136947,0.8452411764392322
circ91,4.7146116397566763e-4,0.00526363939254096,0.9288451659087485,0.9924127811991401
circ9107,-2.987067394782366e-4,0.014217921726977487,0.9832887649749427,1
circ9116,0.006727240104615405,0.005218312096890136,0.20092366277731538,0.7716480053363823
circ9118,0.003751764373689585,0.004406001024611213,0.39693492415707066,0.8556040464547053
circ9139,0.010709284398594249,0.0103351393396067,0.3031177898920439,0.8394428821848717
circ9162,1.720769782877526e-4,0.0024186458302634314,0.9434527085408173,0.9924127811991401
circ9175,1.5822346463871927e-4,0.00245090302376761,0.948681786143899,0.9924127811991401
circ9210,0.0037088530221623607,0.006833490656403467,0.5887588484427194,0.9164234645363916
circ922,7.436911774530912e-4,0.007665682897444598,0.9229478531227906,0.990207210840241
circ9221,0.010342664013766892,0.005659462976741486,0.07121851602699104,0.7045474145497497
circ9224,0.04267227633046733,0.04794124875104057,0.3759875076649729,0.8452411764392322
circ9366,2.76401354168603e-5,0.00455050041266093,0.9951681851649479,1
circ9373,0.025810699417747163,0.0910123742899934,0.777426588084789,0.9647003984984427
circ9419,0.0011448123164541735,0.0044133963105163244,0.7959728917630096,0.9647003984984427
circ9485,-0.0021794238041228406,0.006506797784679049,0.7385110876957683,0.9484266428784958
circ9491,0.009912726705575855,0.008690230315266013,0.25728597986910773,0.8214552369314886
circ9504,0.004620473771206147,0.002133837065287409,0.033232422755037024,0.6363029290535749
circ9511,4.95805109210693e-4,7.876139646812038e-4,0.5307489974156379,0.8915910257695343
circ953,0.0018885765139154951,0.005662888763050282,0.7395975298953614,0.9484266428784958
circ9586,0.11182582225232073,0.08984944380560475,0.21678500252085184,0.7716480053363823
circ9624,0.0011420713390156735,0.006539382630187208,0.8617837933948465,0.9693803723731477
circ9660,0.012961822396842751,0.019024089463122902,0.49755471334986356,0.8840822159864296
circ9670,0.025083146280216573,0.014696562953479824,0.09161011031140472,0.7072466997003033
circ9676,-7.38108127036847e-4,0.00655432799326506,0.9106086232277097,0.9879684141467474
circ9698,9.663328484065559e-4,0.0035891285421266505,0.7884140607562813,0.9647003984984427
circ970,0.007178404817501674,0.009877377582294691,0.46942259379025353,0.8840822159864296
circ9701,-0.0010513304075291912,0.0023609163423395294,0.6572578423794977,0.9366755687768398
circ9766,0.0010625249219221049,0.005796955677578616,0.8550173656811167,0.9693803723731477
circ9774,5.104243160353713e-4,0.007333230143525414,0.9446760424154457,0.9924127811991401
circ9784,0.009864602845267818,0.008189618727482527,0.23181013894785088,0.7926411202732966
circ9809,0.055349901782797056,0.04848719709633495,0.2569295158681921,0.8214552369314886
circ9854,0.002207476886934881,0.004528187094331972,0.627191445615115,0.93477279683619
circ9865,-0.008264310181550352,0.009467293070941084,0.38521819800507784,0.8532496993669725
circ9897,-0.012896251044456212,0.025729498237177646,0.6175400154108988,0.9286118080942806
circ9913,0.03106734702339755,0.02871446569325569,0.28241233605169896,0.8269532492121572
circ9918,0.012141498694491796,0.012819303263587828,0.3463238156092784,0.8452411764392322
